penA.0.001	1	1	A311V	penA.311V	Resistance to Extended-Spectrum Cephalosporins (ESCs)
penA.1.001	1	1	A311V	penA.311V	Resistance to Extended-Spectrum Cephalosporins (ESCs)
penA.1.002	1	1	A311V	penA.311V	Resistance to Extended-Spectrum Cephalosporins (ESCs)
penA.1.003	1	1	A311V	penA.311V	Resistance to Extended-Spectrum Cephalosporins (ESCs)
penA.10.001	1	1	A311V	penA.311V	Resistance to Extended-Spectrum Cephalosporins (ESCs)
penA.12.001	1	1	A311V	penA.311V	Resistance to Extended-Spectrum Cephalosporins (ESCs)
penA.12.002	1	1	A311V	penA.311V	Resistance to Extended-Spectrum Cephalosporins (ESCs)
penA.12.003	1	1	A311V	penA.311V	Resistance to Extended-Spectrum Cephalosporins (ESCs)
penA.13.001	1	1	A311V	penA.311V	Resistance to Extended-Spectrum Cephalosporins (ESCs)
penA.14.001	1	1	A311V	penA.311V	Resistance to Extended-Spectrum Cephalosporins (ESCs)
penA.14.002	1	1	A311V	penA.311V	Resistance to Extended-Spectrum Cephalosporins (ESCs)
penA.15.001	1	1	A311V	penA.311V	Resistance to Extended-Spectrum Cephalosporins (ESCs)
penA.15.002	1	1	A311V	penA.311V	Resistance to Extended-Spectrum Cephalosporins (ESCs)
penA.17.001	1	1	A311V	penA.311V	Resistance to Extended-Spectrum Cephalosporins (ESCs)
penA.18.001	1	1	A311V	penA.311V	Resistance to Extended-Spectrum Cephalosporins (ESCs)
penA.19.001	1	1	A311V	penA.311V	Resistance to Extended-Spectrum Cephalosporins (ESCs)
penA.2.001	1	1	A311V	penA.311V	Resistance to Extended-Spectrum Cephalosporins (ESCs)
penA.2.002	1	1	A311V	penA.311V	Resistance to Extended-Spectrum Cephalosporins (ESCs)
penA.2.003	1	1	A311V	penA.311V	Resistance to Extended-Spectrum Cephalosporins (ESCs)
penA.21.001	1	1	A311V	penA.311V	Resistance to Extended-Spectrum Cephalosporins (ESCs)
penA.22.001	1	1	A311V	penA.311V	Resistance to Extended-Spectrum Cephalosporins (ESCs)
penA.22.002	1	1	A311V	penA.311V	Resistance to Extended-Spectrum Cephalosporins (ESCs)
penA.22.003	1	1	A311V	penA.311V	Resistance to Extended-Spectrum Cephalosporins (ESCs)
penA.22.004	1	1	A311V	penA.311V	Resistance to Extended-Spectrum Cephalosporins (ESCs)
penA.22.005	1	1	A311V	penA.311V	Resistance to Extended-Spectrum Cephalosporins (ESCs)
penA.27.001	1	1	A311V	penA.311V	Resistance to Extended-Spectrum Cephalosporins (ESCs)
penA.3.001	1	1	A311V	penA.311V	Resistance to Extended-Spectrum Cephalosporins (ESCs)
penA.34.001	1	1	A311V	penA.311V	Resistance to Extended-Spectrum Cephalosporins (ESCs)
penA.34.002	1	1	A311V	penA.311V	Resistance to Extended-Spectrum Cephalosporins (ESCs)
penA.34.003	1	1	A311V	penA.311V	Resistance to Extended-Spectrum Cephalosporins (ESCs)
penA.34.004	1	1	A311V	penA.311V	Resistance to Extended-Spectrum Cephalosporins (ESCs)
penA.34.005	1	1	A311V	penA.311V	Resistance to Extended-Spectrum Cephalosporins (ESCs)
penA.35.001	1	1	A311V	penA.311V	Resistance to Extended-Spectrum Cephalosporins (ESCs)
penA.35.002	1	1	A311V	penA.311V	Resistance to Extended-Spectrum Cephalosporins (ESCs)
penA.35.003	1	1	A311V	penA.311V	Resistance to Extended-Spectrum Cephalosporins (ESCs)
penA.37.001	1	1	A311V	penA.311V	Resistance to Extended-Spectrum Cephalosporins (ESCs)
penA.38.001	1	1	A311V	penA.311V	Resistance to Extended-Spectrum Cephalosporins (ESCs)
penA.39.001	1	1	A311V	penA.311V	Resistance to Extended-Spectrum Cephalosporins (ESCs)
penA.4.001	1	1	A311V	penA.311V	Resistance to Extended-Spectrum Cephalosporins (ESCs)
penA.40.001	1	1	A311V	penA.311V	Resistance to Extended-Spectrum Cephalosporins (ESCs)
penA.41.001	1	1	A311V	penA.311V	Resistance to Extended-Spectrum Cephalosporins (ESCs)
penA.41.002	1	1	A311V	penA.311V	Resistance to Extended-Spectrum Cephalosporins (ESCs)
penA.42.001	1	1	A311V	penA.311V	Resistance to Extended-Spectrum Cephalosporins (ESCs)
penA.43.001	1	1	A311V	penA.311V	Resistance to Extended-Spectrum Cephalosporins (ESCs)
penA.43.002	1	1	A311V	penA.311V	Resistance to Extended-Spectrum Cephalosporins (ESCs)
penA.44.001	1	1	A311V	penA.311V	Resistance to Extended-Spectrum Cephalosporins (ESCs)
penA.45.001	1	1	A311V	penA.311V	Resistance to Extended-Spectrum Cephalosporins (ESCs)
penA.46.001	1	1	A311V	penA.311V	Resistance to Extended-Spectrum Cephalosporins (ESCs)
penA.47.001	1	1	A311V	penA.311V	Resistance to Extended-Spectrum Cephalosporins (ESCs)
penA.48.001	1	1	A311V	penA.311V	Resistance to Extended-Spectrum Cephalosporins (ESCs)
penA.49.001	1	1	A311V	penA.311V	Resistance to Extended-Spectrum Cephalosporins (ESCs)
penA.5.001	1	1	A311V	penA.311V	Resistance to Extended-Spectrum Cephalosporins (ESCs)
penA.5.002	1	1	A311V	penA.311V	Resistance to Extended-Spectrum Cephalosporins (ESCs)
penA.5.003	1	1	A311V	penA.311V	Resistance to Extended-Spectrum Cephalosporins (ESCs)
penA.5.004	1	1	A311V	penA.311V	Resistance to Extended-Spectrum Cephalosporins (ESCs)
penA.50.001	1	1	A311V	penA.311V	Resistance to Extended-Spectrum Cephalosporins (ESCs)
penA.52.001	1	1	A311V	penA.311V	Resistance to Extended-Spectrum Cephalosporins (ESCs)
penA.53.001	1	1	A311V	penA.311V	Resistance to Extended-Spectrum Cephalosporins (ESCs)
penA.53.002	1	1	A311V	penA.311V	Resistance to Extended-Spectrum Cephalosporins (ESCs)
penA.54.001	1	1	A311V	penA.311V	Resistance to Extended-Spectrum Cephalosporins (ESCs)
penA.55.001	1	1	A311V	penA.311V	Resistance to Extended-Spectrum Cephalosporins (ESCs)
penA.56.001	1	1	A311V	penA.311V	Resistance to Extended-Spectrum Cephalosporins (ESCs)
penA.57.001	1	1	A311V	penA.311V	Resistance to Extended-Spectrum Cephalosporins (ESCs)
penA.58.001	1	1	A311V	penA.311V	Resistance to Extended-Spectrum Cephalosporins (ESCs)
penA.59.001	1	1	A311V	penA.311V	Resistance to Extended-Spectrum Cephalosporins (ESCs)
penA.7.001	1	1	A311V	penA.311V	Resistance to Extended-Spectrum Cephalosporins (ESCs)
penA.9.001	1	1	A311V	penA.311V	Resistance to Extended-Spectrum Cephalosporins (ESCs)
penA.0.001	1	1	I312M	penA.312M	Resistance to Extended-Spectrum Cephalosporins (ESCs)
penA.1.001	1	1	I312M	penA.312M	Resistance to Extended-Spectrum Cephalosporins (ESCs)
penA.1.002	1	1	I312M	penA.312M	Resistance to Extended-Spectrum Cephalosporins (ESCs)
penA.1.003	1	1	I312M	penA.312M	Resistance to Extended-Spectrum Cephalosporins (ESCs)
penA.10.001	1	1	I312M	penA.312M	Resistance to Extended-Spectrum Cephalosporins (ESCs)
penA.12.001	1	1	I312M	penA.312M	Resistance to Extended-Spectrum Cephalosporins (ESCs)
penA.12.002	1	1	I312M	penA.312M	Resistance to Extended-Spectrum Cephalosporins (ESCs)
penA.12.003	1	1	I312M	penA.312M	Resistance to Extended-Spectrum Cephalosporins (ESCs)
penA.13.001	1	1	I312M	penA.312M	Resistance to Extended-Spectrum Cephalosporins (ESCs)
penA.14.001	1	1	I312M	penA.312M	Resistance to Extended-Spectrum Cephalosporins (ESCs)
penA.14.002	1	1	I312M	penA.312M	Resistance to Extended-Spectrum Cephalosporins (ESCs)
penA.15.001	1	1	I312M	penA.312M	Resistance to Extended-Spectrum Cephalosporins (ESCs)
penA.15.002	1	1	I312M	penA.312M	Resistance to Extended-Spectrum Cephalosporins (ESCs)
penA.17.001	1	1	I312M	penA.312M	Resistance to Extended-Spectrum Cephalosporins (ESCs)
penA.18.001	1	1	I312M	penA.312M	Resistance to Extended-Spectrum Cephalosporins (ESCs)
penA.19.001	1	1	I312M	penA.312M	Resistance to Extended-Spectrum Cephalosporins (ESCs)
penA.2.001	1	1	I312M	penA.312M	Resistance to Extended-Spectrum Cephalosporins (ESCs)
penA.2.002	1	1	I312M	penA.312M	Resistance to Extended-Spectrum Cephalosporins (ESCs)
penA.2.003	1	1	I312M	penA.312M	Resistance to Extended-Spectrum Cephalosporins (ESCs)
penA.21.001	1	1	I312M	penA.312M	Resistance to Extended-Spectrum Cephalosporins (ESCs)
penA.22.001	1	1	I312M	penA.312M	Resistance to Extended-Spectrum Cephalosporins (ESCs)
penA.22.002	1	1	I312M	penA.312M	Resistance to Extended-Spectrum Cephalosporins (ESCs)
penA.22.003	1	1	I312M	penA.312M	Resistance to Extended-Spectrum Cephalosporins (ESCs)
penA.22.004	1	1	I312M	penA.312M	Resistance to Extended-Spectrum Cephalosporins (ESCs)
penA.22.005	1	1	I312M	penA.312M	Resistance to Extended-Spectrum Cephalosporins (ESCs)
penA.27.001	1	1	I312M	penA.312M	Resistance to Extended-Spectrum Cephalosporins (ESCs)
penA.3.001	1	1	I312M	penA.312M	Resistance to Extended-Spectrum Cephalosporins (ESCs)
penA.34.001	1	1	I312M	penA.312M	Resistance to Extended-Spectrum Cephalosporins (ESCs)
penA.34.002	1	1	I312M	penA.312M	Resistance to Extended-Spectrum Cephalosporins (ESCs)
penA.34.003	1	1	I312M	penA.312M	Resistance to Extended-Spectrum Cephalosporins (ESCs)
penA.34.004	1	1	I312M	penA.312M	Resistance to Extended-Spectrum Cephalosporins (ESCs)
penA.34.005	1	1	I312M	penA.312M	Resistance to Extended-Spectrum Cephalosporins (ESCs)
penA.35.001	1	1	I312M	penA.312M	Resistance to Extended-Spectrum Cephalosporins (ESCs)
penA.35.002	1	1	I312M	penA.312M	Resistance to Extended-Spectrum Cephalosporins (ESCs)
penA.35.003	1	1	I312M	penA.312M	Resistance to Extended-Spectrum Cephalosporins (ESCs)
penA.37.001	1	1	I312M	penA.312M	Resistance to Extended-Spectrum Cephalosporins (ESCs)
penA.38.001	1	1	I312M	penA.312M	Resistance to Extended-Spectrum Cephalosporins (ESCs)
penA.39.001	1	1	I312M	penA.312M	Resistance to Extended-Spectrum Cephalosporins (ESCs)
penA.4.001	1	1	I312M	penA.312M	Resistance to Extended-Spectrum Cephalosporins (ESCs)
penA.40.001	1	1	I312M	penA.312M	Resistance to Extended-Spectrum Cephalosporins (ESCs)
penA.41.001	1	1	I312M	penA.312M	Resistance to Extended-Spectrum Cephalosporins (ESCs)
penA.41.002	1	1	I312M	penA.312M	Resistance to Extended-Spectrum Cephalosporins (ESCs)
penA.42.001	1	1	I312M	penA.312M	Resistance to Extended-Spectrum Cephalosporins (ESCs)
penA.43.001	1	1	I312M	penA.312M	Resistance to Extended-Spectrum Cephalosporins (ESCs)
penA.43.002	1	1	I312M	penA.312M	Resistance to Extended-Spectrum Cephalosporins (ESCs)
penA.44.001	1	1	I312M	penA.312M	Resistance to Extended-Spectrum Cephalosporins (ESCs)
penA.45.001	1	1	I312M	penA.312M	Resistance to Extended-Spectrum Cephalosporins (ESCs)
penA.46.001	1	1	I312M	penA.312M	Resistance to Extended-Spectrum Cephalosporins (ESCs)
penA.47.001	1	1	I312M	penA.312M	Resistance to Extended-Spectrum Cephalosporins (ESCs)
penA.48.001	1	1	I312M	penA.312M	Resistance to Extended-Spectrum Cephalosporins (ESCs)
penA.49.001	1	1	I312M	penA.312M	Resistance to Extended-Spectrum Cephalosporins (ESCs)
penA.5.001	1	1	I312M	penA.312M	Resistance to Extended-Spectrum Cephalosporins (ESCs)
penA.5.002	1	1	I312M	penA.312M	Resistance to Extended-Spectrum Cephalosporins (ESCs)
penA.5.003	1	1	I312M	penA.312M	Resistance to Extended-Spectrum Cephalosporins (ESCs)
penA.5.004	1	1	I312M	penA.312M	Resistance to Extended-Spectrum Cephalosporins (ESCs)
penA.50.001	1	1	I312M	penA.312M	Resistance to Extended-Spectrum Cephalosporins (ESCs)
penA.52.001	1	1	I312M	penA.312M	Resistance to Extended-Spectrum Cephalosporins (ESCs)
penA.53.001	1	1	I312M	penA.312M	Resistance to Extended-Spectrum Cephalosporins (ESCs)
penA.53.002	1	1	I312M	penA.312M	Resistance to Extended-Spectrum Cephalosporins (ESCs)
penA.54.001	1	1	I312M	penA.312M	Resistance to Extended-Spectrum Cephalosporins (ESCs)
penA.55.001	1	1	I312M	penA.312M	Resistance to Extended-Spectrum Cephalosporins (ESCs)
penA.56.001	1	1	I312M	penA.312M	Resistance to Extended-Spectrum Cephalosporins (ESCs)
penA.57.001	1	1	I312M	penA.312M	Resistance to Extended-Spectrum Cephalosporins (ESCs)
penA.58.001	1	1	I312M	penA.312M	Resistance to Extended-Spectrum Cephalosporins (ESCs)
penA.59.001	1	1	I312M	penA.312M	Resistance to Extended-Spectrum Cephalosporins (ESCs)
penA.7.001	1	1	I312M	penA.312M	Resistance to Extended-Spectrum Cephalosporins (ESCs)
penA.9.001	1	1	I312M	penA.312M	Resistance to Extended-Spectrum Cephalosporins (ESCs)
penA.0.001	1	1	G545S	penA.545S	Resistance to Extended-Spectrum Cephalosporins (ESCs)
penA.1.001	1	1	G546S	penA.545S	Resistance to Extended-Spectrum Cephalosporins (ESCs)
penA.1.002	1	1	G546S	penA.545S	Resistance to Extended-Spectrum Cephalosporins (ESCs)
penA.1.003	1	1	G546S	penA.545S	Resistance to Extended-Spectrum Cephalosporins (ESCs)
penA.10.001	1	1	G545S	penA.545S	Resistance to Extended-Spectrum Cephalosporins (ESCs)
penA.12.001	1	1	G546S	penA.545S	Resistance to Extended-Spectrum Cephalosporins (ESCs)
penA.12.002	1	1	G546S	penA.545S	Resistance to Extended-Spectrum Cephalosporins (ESCs)
penA.12.003	1	1	G546S	penA.545S	Resistance to Extended-Spectrum Cephalosporins (ESCs)
penA.13.001	1	1	G546S	penA.545S	Resistance to Extended-Spectrum Cephalosporins (ESCs)
penA.14.001	1	1	G546S	penA.545S	Resistance to Extended-Spectrum Cephalosporins (ESCs)
penA.14.002	1	1	G546S	penA.545S	Resistance to Extended-Spectrum Cephalosporins (ESCs)
penA.15.001	1	1	G545S	penA.545S	Resistance to Extended-Spectrum Cephalosporins (ESCs)
penA.15.002	1	1	G545S	penA.545S	Resistance to Extended-Spectrum Cephalosporins (ESCs)
penA.17.001	1	1	G546S	penA.545S	Resistance to Extended-Spectrum Cephalosporins (ESCs)
penA.18.001	1	1	G546S	penA.545S	Resistance to Extended-Spectrum Cephalosporins (ESCs)
penA.19.001	1	1	G546S	penA.545S	Resistance to Extended-Spectrum Cephalosporins (ESCs)
penA.2.001	1	1	G546S	penA.545S	Resistance to Extended-Spectrum Cephalosporins (ESCs)
penA.2.002	1	1	G546S	penA.545S	Resistance to Extended-Spectrum Cephalosporins (ESCs)
penA.2.003	1	1	G546S	penA.545S	Resistance to Extended-Spectrum Cephalosporins (ESCs)
penA.21.001	1	1	G546S	penA.545S	Resistance to Extended-Spectrum Cephalosporins (ESCs)
penA.22.001	1	1	G546S	penA.545S	Resistance to Extended-Spectrum Cephalosporins (ESCs)
penA.22.002	1	1	G546S	penA.545S	Resistance to Extended-Spectrum Cephalosporins (ESCs)
penA.22.003	1	1	G546S	penA.545S	Resistance to Extended-Spectrum Cephalosporins (ESCs)
penA.22.004	1	1	G546S	penA.545S	Resistance to Extended-Spectrum Cephalosporins (ESCs)
penA.22.005	1	1	G546S	penA.545S	Resistance to Extended-Spectrum Cephalosporins (ESCs)
penA.27.001	1	1	G545S	penA.545S	Resistance to Extended-Spectrum Cephalosporins (ESCs)
penA.3.001	1	1	G546S	penA.545S	Resistance to Extended-Spectrum Cephalosporins (ESCs)
penA.34.001	1	1	G545S	penA.545S	Resistance to Extended-Spectrum Cephalosporins (ESCs)
penA.34.002	1	1	G545S	penA.545S	Resistance to Extended-Spectrum Cephalosporins (ESCs)
penA.34.003	1	1	G545S	penA.545S	Resistance to Extended-Spectrum Cephalosporins (ESCs)
penA.34.004	1	1	G545S	penA.545S	Resistance to Extended-Spectrum Cephalosporins (ESCs)
penA.34.005	1	1	G545S	penA.545S	Resistance to Extended-Spectrum Cephalosporins (ESCs)
penA.35.001	1	1	G545S	penA.545S	Resistance to Extended-Spectrum Cephalosporins (ESCs)
penA.35.002	1	1	G545S	penA.545S	Resistance to Extended-Spectrum Cephalosporins (ESCs)
penA.35.003	1	1	G545S	penA.545S	Resistance to Extended-Spectrum Cephalosporins (ESCs)
penA.37.001	1	1	G545S	penA.545S	Resistance to Extended-Spectrum Cephalosporins (ESCs)
penA.38.001	1	1	G545S	penA.545S	Resistance to Extended-Spectrum Cephalosporins (ESCs)
penA.39.001	1	1	G546S	penA.545S	Resistance to Extended-Spectrum Cephalosporins (ESCs)
penA.4.001	1	1	G546S	penA.545S	Resistance to Extended-Spectrum Cephalosporins (ESCs)
penA.40.001	1	1	G546S	penA.545S	Resistance to Extended-Spectrum Cephalosporins (ESCs)
penA.41.001	1	1	G546S	penA.545S	Resistance to Extended-Spectrum Cephalosporins (ESCs)
penA.41.002	1	1	G546S	penA.545S	Resistance to Extended-Spectrum Cephalosporins (ESCs)
penA.42.001	1	1	G545S	penA.545S	Resistance to Extended-Spectrum Cephalosporins (ESCs)
penA.43.001	1	1	G546S	penA.545S	Resistance to Extended-Spectrum Cephalosporins (ESCs)
penA.43.002	1	1	G546S	penA.545S	Resistance to Extended-Spectrum Cephalosporins (ESCs)
penA.44.001	1	1	G546S	penA.545S	Resistance to Extended-Spectrum Cephalosporins (ESCs)
penA.45.001	1	1	G545S	penA.545S	Resistance to Extended-Spectrum Cephalosporins (ESCs)
penA.46.001	1	1	G546S	penA.545S	Resistance to Extended-Spectrum Cephalosporins (ESCs)
penA.47.001	1	1	G545S	penA.545S	Resistance to Extended-Spectrum Cephalosporins (ESCs)
penA.48.001	1	1	G546S	penA.545S	Resistance to Extended-Spectrum Cephalosporins (ESCs)
penA.49.001	1	1	G546S	penA.545S	Resistance to Extended-Spectrum Cephalosporins (ESCs)
penA.5.001	1	1	G546S	penA.545S	Resistance to Extended-Spectrum Cephalosporins (ESCs)
penA.5.002	1	1	G546S	penA.545S	Resistance to Extended-Spectrum Cephalosporins (ESCs)
penA.5.003	1	1	G546S	penA.545S	Resistance to Extended-Spectrum Cephalosporins (ESCs)
penA.5.004	1	1	G546S	penA.545S	Resistance to Extended-Spectrum Cephalosporins (ESCs)
penA.50.001	1	1	G546S	penA.545S	Resistance to Extended-Spectrum Cephalosporins (ESCs)
penA.52.001	1	1	G545S	penA.545S	Resistance to Extended-Spectrum Cephalosporins (ESCs)
penA.53.001	1	1	G545S	penA.545S	Resistance to Extended-Spectrum Cephalosporins (ESCs)
penA.53.002	1	1	G545S	penA.545S	Resistance to Extended-Spectrum Cephalosporins (ESCs)
penA.54.001	1	1	G546S	penA.545S	Resistance to Extended-Spectrum Cephalosporins (ESCs)
penA.55.001	1	1	G545S	penA.545S	Resistance to Extended-Spectrum Cephalosporins (ESCs)
penA.56.001	1	1	G546S	penA.545S	Resistance to Extended-Spectrum Cephalosporins (ESCs)
penA.57.001	1	1	G546S	penA.545S	Resistance to Extended-Spectrum Cephalosporins (ESCs)
penA.58.001	1	1	G545S	penA.545S	Resistance to Extended-Spectrum Cephalosporins (ESCs)
penA.59.001	1	1	G545S	penA.545S	Resistance to Extended-Spectrum Cephalosporins (ESCs)
penA.7.001	1	1	G546S	penA.545S	Resistance to Extended-Spectrum Cephalosporins (ESCs)
penA.9.001	1	1	G546S	penA.545S	Resistance to Extended-Spectrum Cephalosporins (ESCs)
penA.0.001	1	1	V316T	penA.316T	Resistance to Extended-Spectrum Cephalosporins (ESCs)
penA.1.001	1	1	V316T	penA.316T	Resistance to Extended-Spectrum Cephalosporins (ESCs)
penA.1.002	1	1	V316T	penA.316T	Resistance to Extended-Spectrum Cephalosporins (ESCs)
penA.1.003	1	1	V316T	penA.316T	Resistance to Extended-Spectrum Cephalosporins (ESCs)
penA.10.001	1	1	V316T	penA.316T	Resistance to Extended-Spectrum Cephalosporins (ESCs)
penA.12.001	1	1	V316T	penA.316T	Resistance to Extended-Spectrum Cephalosporins (ESCs)
penA.12.002	1	1	V316T	penA.316T	Resistance to Extended-Spectrum Cephalosporins (ESCs)
penA.12.003	1	1	V316T	penA.316T	Resistance to Extended-Spectrum Cephalosporins (ESCs)
penA.13.001	1	1	V316T	penA.316T	Resistance to Extended-Spectrum Cephalosporins (ESCs)
penA.14.001	1	1	V316T	penA.316T	Resistance to Extended-Spectrum Cephalosporins (ESCs)
penA.14.002	1	1	V316T	penA.316T	Resistance to Extended-Spectrum Cephalosporins (ESCs)
penA.15.001	1	1	V316T	penA.316T	Resistance to Extended-Spectrum Cephalosporins (ESCs)
penA.15.002	1	1	V316T	penA.316T	Resistance to Extended-Spectrum Cephalosporins (ESCs)
penA.17.001	1	1	V316T	penA.316T	Resistance to Extended-Spectrum Cephalosporins (ESCs)
penA.18.001	1	1	V316T	penA.316T	Resistance to Extended-Spectrum Cephalosporins (ESCs)
penA.19.001	1	1	V316T	penA.316T	Resistance to Extended-Spectrum Cephalosporins (ESCs)
penA.2.001	1	1	V316T	penA.316T	Resistance to Extended-Spectrum Cephalosporins (ESCs)
penA.2.002	1	1	V316T	penA.316T	Resistance to Extended-Spectrum Cephalosporins (ESCs)
penA.2.003	1	1	V316T	penA.316T	Resistance to Extended-Spectrum Cephalosporins (ESCs)
penA.21.001	1	1	V316T	penA.316T	Resistance to Extended-Spectrum Cephalosporins (ESCs)
penA.22.001	1	1	V316T	penA.316T	Resistance to Extended-Spectrum Cephalosporins (ESCs)
penA.22.002	1	1	V316T	penA.316T	Resistance to Extended-Spectrum Cephalosporins (ESCs)
penA.22.003	1	1	V316T	penA.316T	Resistance to Extended-Spectrum Cephalosporins (ESCs)
penA.22.004	1	1	V316T	penA.316T	Resistance to Extended-Spectrum Cephalosporins (ESCs)
penA.22.005	1	1	V316T	penA.316T	Resistance to Extended-Spectrum Cephalosporins (ESCs)
penA.27.001	1	1	V316T	penA.316T	Resistance to Extended-Spectrum Cephalosporins (ESCs)
penA.3.001	1	1	V316T	penA.316T	Resistance to Extended-Spectrum Cephalosporins (ESCs)
penA.34.001	1	1	V316T	penA.316T	Resistance to Extended-Spectrum Cephalosporins (ESCs)
penA.34.002	1	1	V316T	penA.316T	Resistance to Extended-Spectrum Cephalosporins (ESCs)
penA.34.003	1	1	V316T	penA.316T	Resistance to Extended-Spectrum Cephalosporins (ESCs)
penA.34.004	1	1	V316T	penA.316T	Resistance to Extended-Spectrum Cephalosporins (ESCs)
penA.34.005	1	1	V316T	penA.316T	Resistance to Extended-Spectrum Cephalosporins (ESCs)
penA.35.001	1	1	V316T	penA.316T	Resistance to Extended-Spectrum Cephalosporins (ESCs)
penA.35.002	1	1	V316T	penA.316T	Resistance to Extended-Spectrum Cephalosporins (ESCs)
penA.35.003	1	1	V316T	penA.316T	Resistance to Extended-Spectrum Cephalosporins (ESCs)
penA.37.001	1	1	P316T	penA.316T	Resistance to Extended-Spectrum Cephalosporins (ESCs)
penA.38.001	1	1	V316T	penA.316T	Resistance to Extended-Spectrum Cephalosporins (ESCs)
penA.39.001	1	1	V316T	penA.316T	Resistance to Extended-Spectrum Cephalosporins (ESCs)
penA.4.001	1	1	V316T	penA.316T	Resistance to Extended-Spectrum Cephalosporins (ESCs)
penA.40.001	1	1	V316T	penA.316T	Resistance to Extended-Spectrum Cephalosporins (ESCs)
penA.41.001	1	1	V316T	penA.316T	Resistance to Extended-Spectrum Cephalosporins (ESCs)
penA.41.002	1	1	V316T	penA.316T	Resistance to Extended-Spectrum Cephalosporins (ESCs)
penA.42.001	1	1	V316T	penA.316T	Resistance to Extended-Spectrum Cephalosporins (ESCs)
penA.43.001	1	1	V316T	penA.316T	Resistance to Extended-Spectrum Cephalosporins (ESCs)
penA.43.002	1	1	V316T	penA.316T	Resistance to Extended-Spectrum Cephalosporins (ESCs)
penA.44.001	1	1	V316T	penA.316T	Resistance to Extended-Spectrum Cephalosporins (ESCs)
penA.45.001	1	1	V316T	penA.316T	Resistance to Extended-Spectrum Cephalosporins (ESCs)
penA.46.001	1	1	V316T	penA.316T	Resistance to Extended-Spectrum Cephalosporins (ESCs)
penA.47.001	1	1	V316T	penA.316T	Resistance to Extended-Spectrum Cephalosporins (ESCs)
penA.48.001	1	1	V316T	penA.316T	Resistance to Extended-Spectrum Cephalosporins (ESCs)
penA.49.001	1	1	V316T	penA.316T	Resistance to Extended-Spectrum Cephalosporins (ESCs)
penA.5.001	1	1	V316T	penA.316T	Resistance to Extended-Spectrum Cephalosporins (ESCs)
penA.5.002	1	1	V316T	penA.316T	Resistance to Extended-Spectrum Cephalosporins (ESCs)
penA.5.003	1	1	V316T	penA.316T	Resistance to Extended-Spectrum Cephalosporins (ESCs)
penA.5.004	1	1	V316T	penA.316T	Resistance to Extended-Spectrum Cephalosporins (ESCs)
penA.50.001	1	1	V316T	penA.316T	Resistance to Extended-Spectrum Cephalosporins (ESCs)
penA.52.001	1	1	V316T	penA.316T	Resistance to Extended-Spectrum Cephalosporins (ESCs)
penA.53.001	1	1	V316T	penA.316T	Resistance to Extended-Spectrum Cephalosporins (ESCs)
penA.53.002	1	1	V316T	penA.316T	Resistance to Extended-Spectrum Cephalosporins (ESCs)
penA.54.001	1	1	V316T	penA.316T	Resistance to Extended-Spectrum Cephalosporins (ESCs)
penA.55.001	1	1	V316T	penA.316T	Resistance to Extended-Spectrum Cephalosporins (ESCs)
penA.56.001	1	1	V316T	penA.316T	Resistance to Extended-Spectrum Cephalosporins (ESCs)
penA.57.001	1	1	V316T	penA.316T	Resistance to Extended-Spectrum Cephalosporins (ESCs)
penA.58.001	1	1	V316T	penA.316T	Resistance to Extended-Spectrum Cephalosporins (ESCs)
penA.59.001	1	1	V316T	penA.316T	Resistance to Extended-Spectrum Cephalosporins (ESCs)
penA.7.001	1	1	V316T	penA.316T	Resistance to Extended-Spectrum Cephalosporins (ESCs)
penA.9.001	1	1	V316T	penA.316T	Resistance to Extended-Spectrum Cephalosporins (ESCs)
penA.0.001	1	1	V316P	penA.316P	Resistance to Extended-Spectrum Cephalosporins (ESCs)
penA.1.001	1	1	V316P	penA.316P	Resistance to Extended-Spectrum Cephalosporins (ESCs)
penA.1.002	1	1	V316P	penA.316P	Resistance to Extended-Spectrum Cephalosporins (ESCs)
penA.1.003	1	1	V316P	penA.316P	Resistance to Extended-Spectrum Cephalosporins (ESCs)
penA.10.001	1	1	T316P	penA.316P	Resistance to Extended-Spectrum Cephalosporins (ESCs)
penA.12.001	1	1	V316P	penA.316P	Resistance to Extended-Spectrum Cephalosporins (ESCs)
penA.12.002	1	1	V316P	penA.316P	Resistance to Extended-Spectrum Cephalosporins (ESCs)
penA.12.003	1	1	V316P	penA.316P	Resistance to Extended-Spectrum Cephalosporins (ESCs)
penA.13.001	1	1	V316P	penA.316P	Resistance to Extended-Spectrum Cephalosporins (ESCs)
penA.14.001	1	1	V316P	penA.316P	Resistance to Extended-Spectrum Cephalosporins (ESCs)
penA.14.002	1	1	V316P	penA.316P	Resistance to Extended-Spectrum Cephalosporins (ESCs)
penA.15.001	1	1	V316P	penA.316P	Resistance to Extended-Spectrum Cephalosporins (ESCs)
penA.15.002	1	1	V316P	penA.316P	Resistance to Extended-Spectrum Cephalosporins (ESCs)
penA.17.001	1	1	V316P	penA.316P	Resistance to Extended-Spectrum Cephalosporins (ESCs)
penA.18.001	1	1	V316P	penA.316P	Resistance to Extended-Spectrum Cephalosporins (ESCs)
penA.19.001	1	1	V316P	penA.316P	Resistance to Extended-Spectrum Cephalosporins (ESCs)
penA.2.001	1	1	V316P	penA.316P	Resistance to Extended-Spectrum Cephalosporins (ESCs)
penA.2.002	1	1	V316P	penA.316P	Resistance to Extended-Spectrum Cephalosporins (ESCs)
penA.2.003	1	1	V316P	penA.316P	Resistance to Extended-Spectrum Cephalosporins (ESCs)
penA.21.001	1	1	V316P	penA.316P	Resistance to Extended-Spectrum Cephalosporins (ESCs)
penA.22.001	1	1	V316P	penA.316P	Resistance to Extended-Spectrum Cephalosporins (ESCs)
penA.22.002	1	1	V316P	penA.316P	Resistance to Extended-Spectrum Cephalosporins (ESCs)
penA.22.003	1	1	V316P	penA.316P	Resistance to Extended-Spectrum Cephalosporins (ESCs)
penA.22.004	1	1	V316P	penA.316P	Resistance to Extended-Spectrum Cephalosporins (ESCs)
penA.22.005	1	1	V316P	penA.316P	Resistance to Extended-Spectrum Cephalosporins (ESCs)
penA.27.001	1	1	T316P	penA.316P	Resistance to Extended-Spectrum Cephalosporins (ESCs)
penA.3.001	1	1	V316P	penA.316P	Resistance to Extended-Spectrum Cephalosporins (ESCs)
penA.34.001	1	1	T316P	penA.316P	Resistance to Extended-Spectrum Cephalosporins (ESCs)
penA.34.002	1	1	T316P	penA.316P	Resistance to Extended-Spectrum Cephalosporins (ESCs)
penA.34.003	1	1	T316P	penA.316P	Resistance to Extended-Spectrum Cephalosporins (ESCs)
penA.34.004	1	1	T316P	penA.316P	Resistance to Extended-Spectrum Cephalosporins (ESCs)
penA.34.005	1	1	T316P	penA.316P	Resistance to Extended-Spectrum Cephalosporins (ESCs)
penA.35.001	1	1	T316P	penA.316P	Resistance to Extended-Spectrum Cephalosporins (ESCs)
penA.35.002	1	1	T316P	penA.316P	Resistance to Extended-Spectrum Cephalosporins (ESCs)
penA.35.003	1	1	T316P	penA.316P	Resistance to Extended-Spectrum Cephalosporins (ESCs)
penA.37.001	1	1	V316P	penA.316P	Resistance to Extended-Spectrum Cephalosporins (ESCs)
penA.38.001	1	1	V316P	penA.316P	Resistance to Extended-Spectrum Cephalosporins (ESCs)
penA.39.001	1	1	V316P	penA.316P	Resistance to Extended-Spectrum Cephalosporins (ESCs)
penA.4.001	1	1	V316P	penA.316P	Resistance to Extended-Spectrum Cephalosporins (ESCs)
penA.40.001	1	1	V316P	penA.316P	Resistance to Extended-Spectrum Cephalosporins (ESCs)
penA.41.001	1	1	V316P	penA.316P	Resistance to Extended-Spectrum Cephalosporins (ESCs)
penA.41.002	1	1	V316P	penA.316P	Resistance to Extended-Spectrum Cephalosporins (ESCs)
penA.42.001	1	1	T316P	penA.316P	Resistance to Extended-Spectrum Cephalosporins (ESCs)
penA.43.001	1	1	V316P	penA.316P	Resistance to Extended-Spectrum Cephalosporins (ESCs)
penA.43.002	1	1	V316P	penA.316P	Resistance to Extended-Spectrum Cephalosporins (ESCs)
penA.44.001	1	1	V316P	penA.316P	Resistance to Extended-Spectrum Cephalosporins (ESCs)
penA.45.001	1	1	V316P	penA.316P	Resistance to Extended-Spectrum Cephalosporins (ESCs)
penA.46.001	1	1	V316P	penA.316P	Resistance to Extended-Spectrum Cephalosporins (ESCs)
penA.47.001	1	1	T316P	penA.316P	Resistance to Extended-Spectrum Cephalosporins (ESCs)
penA.48.001	1	1	V316P	penA.316P	Resistance to Extended-Spectrum Cephalosporins (ESCs)
penA.49.001	1	1	V316P	penA.316P	Resistance to Extended-Spectrum Cephalosporins (ESCs)
penA.5.001	1	1	V316P	penA.316P	Resistance to Extended-Spectrum Cephalosporins (ESCs)
penA.5.002	1	1	V316P	penA.316P	Resistance to Extended-Spectrum Cephalosporins (ESCs)
penA.5.003	1	1	V316P	penA.316P	Resistance to Extended-Spectrum Cephalosporins (ESCs)
penA.5.004	1	1	V316P	penA.316P	Resistance to Extended-Spectrum Cephalosporins (ESCs)
penA.50.001	1	1	V316P	penA.316P	Resistance to Extended-Spectrum Cephalosporins (ESCs)
penA.52.001	1	1	T316P	penA.316P	Resistance to Extended-Spectrum Cephalosporins (ESCs)
penA.53.001	1	1	T316P	penA.316P	Resistance to Extended-Spectrum Cephalosporins (ESCs)
penA.53.002	1	1	T316P	penA.316P	Resistance to Extended-Spectrum Cephalosporins (ESCs)
penA.54.001	1	1	V316P	penA.316P	Resistance to Extended-Spectrum Cephalosporins (ESCs)
penA.55.001	1	1	T316P	penA.316P	Resistance to Extended-Spectrum Cephalosporins (ESCs)
penA.56.001	1	1	V316P	penA.316P	Resistance to Extended-Spectrum Cephalosporins (ESCs)
penA.57.001	1	1	V316P	penA.316P	Resistance to Extended-Spectrum Cephalosporins (ESCs)
penA.58.001	1	1	T316P	penA.316P	Resistance to Extended-Spectrum Cephalosporins (ESCs)
penA.59.001	1	1	T316P	penA.316P	Resistance to Extended-Spectrum Cephalosporins (ESCs)
penA.7.001	1	1	V316P	penA.316P	Resistance to Extended-Spectrum Cephalosporins (ESCs)
penA.9.001	1	1	V316P	penA.316P	Resistance to Extended-Spectrum Cephalosporins (ESCs)
penA.0.001	1	1	T483S	penA.483S	Resistance to Extended-Spectrum Cephalosporins (ESCs)
penA.1.001	1	1	T484S	penA.483S	Resistance to Extended-Spectrum Cephalosporins (ESCs)
penA.1.002	1	1	T484S	penA.483S	Resistance to Extended-Spectrum Cephalosporins (ESCs)
penA.1.003	1	1	T484S	penA.483S	Resistance to Extended-Spectrum Cephalosporins (ESCs)
penA.10.001	1	1	T483S	penA.483S	Resistance to Extended-Spectrum Cephalosporins (ESCs)
penA.12.001	1	1	T484S	penA.483S	Resistance to Extended-Spectrum Cephalosporins (ESCs)
penA.12.002	1	1	T484S	penA.483S	Resistance to Extended-Spectrum Cephalosporins (ESCs)
penA.12.003	1	1	T484S	penA.483S	Resistance to Extended-Spectrum Cephalosporins (ESCs)
penA.13.001	1	1	T484S	penA.483S	Resistance to Extended-Spectrum Cephalosporins (ESCs)
penA.14.001	1	1	T484S	penA.483S	Resistance to Extended-Spectrum Cephalosporins (ESCs)
penA.14.002	1	1	T484S	penA.483S	Resistance to Extended-Spectrum Cephalosporins (ESCs)
penA.15.001	1	1	T483S	penA.483S	Resistance to Extended-Spectrum Cephalosporins (ESCs)
penA.15.002	1	1	T483S	penA.483S	Resistance to Extended-Spectrum Cephalosporins (ESCs)
penA.17.001	1	1	T484S	penA.483S	Resistance to Extended-Spectrum Cephalosporins (ESCs)
penA.18.001	1	1	T484S	penA.483S	Resistance to Extended-Spectrum Cephalosporins (ESCs)
penA.19.001	1	1	T484S	penA.483S	Resistance to Extended-Spectrum Cephalosporins (ESCs)
penA.2.001	1	1	T484S	penA.483S	Resistance to Extended-Spectrum Cephalosporins (ESCs)
penA.2.002	1	1	T484S	penA.483S	Resistance to Extended-Spectrum Cephalosporins (ESCs)
penA.2.003	1	1	T484S	penA.483S	Resistance to Extended-Spectrum Cephalosporins (ESCs)
penA.21.001	1	1	T484S	penA.483S	Resistance to Extended-Spectrum Cephalosporins (ESCs)
penA.22.001	1	1	T484S	penA.483S	Resistance to Extended-Spectrum Cephalosporins (ESCs)
penA.22.002	1	1	T484S	penA.483S	Resistance to Extended-Spectrum Cephalosporins (ESCs)
penA.22.003	1	1	T484S	penA.483S	Resistance to Extended-Spectrum Cephalosporins (ESCs)
penA.22.004	1	1	T484S	penA.483S	Resistance to Extended-Spectrum Cephalosporins (ESCs)
penA.22.005	1	1	T484S	penA.483S	Resistance to Extended-Spectrum Cephalosporins (ESCs)
penA.27.001	1	1	T483S	penA.483S	Resistance to Extended-Spectrum Cephalosporins (ESCs)
penA.3.001	1	1	T484S	penA.483S	Resistance to Extended-Spectrum Cephalosporins (ESCs)
penA.34.001	1	1	T483S	penA.483S	Resistance to Extended-Spectrum Cephalosporins (ESCs)
penA.34.002	1	1	T483S	penA.483S	Resistance to Extended-Spectrum Cephalosporins (ESCs)
penA.34.003	1	1	T483S	penA.483S	Resistance to Extended-Spectrum Cephalosporins (ESCs)
penA.34.004	1	1	T483S	penA.483S	Resistance to Extended-Spectrum Cephalosporins (ESCs)
penA.34.005	1	1	T483S	penA.483S	Resistance to Extended-Spectrum Cephalosporins (ESCs)
penA.35.001	1	1	T483S	penA.483S	Resistance to Extended-Spectrum Cephalosporins (ESCs)
penA.35.002	1	1	T483S	penA.483S	Resistance to Extended-Spectrum Cephalosporins (ESCs)
penA.35.003	1	1	T483S	penA.483S	Resistance to Extended-Spectrum Cephalosporins (ESCs)
penA.37.001	1	1	T483S	penA.483S	Resistance to Extended-Spectrum Cephalosporins (ESCs)
penA.38.001	1	1	T483S	penA.483S	Resistance to Extended-Spectrum Cephalosporins (ESCs)
penA.39.001	1	1	T484S	penA.483S	Resistance to Extended-Spectrum Cephalosporins (ESCs)
penA.4.001	1	1	T484S	penA.483S	Resistance to Extended-Spectrum Cephalosporins (ESCs)
penA.40.001	1	1	T484S	penA.483S	Resistance to Extended-Spectrum Cephalosporins (ESCs)
penA.41.001	1	1	T484S	penA.483S	Resistance to Extended-Spectrum Cephalosporins (ESCs)
penA.41.002	1	1	T484S	penA.483S	Resistance to Extended-Spectrum Cephalosporins (ESCs)
penA.42.001	1	1	T483S	penA.483S	Resistance to Extended-Spectrum Cephalosporins (ESCs)
penA.43.001	1	1	T484S	penA.483S	Resistance to Extended-Spectrum Cephalosporins (ESCs)
penA.43.002	1	1	T484S	penA.483S	Resistance to Extended-Spectrum Cephalosporins (ESCs)
penA.44.001	1	1	T484S	penA.483S	Resistance to Extended-Spectrum Cephalosporins (ESCs)
penA.45.001	1	1	T483S	penA.483S	Resistance to Extended-Spectrum Cephalosporins (ESCs)
penA.46.001	1	1	T484S	penA.483S	Resistance to Extended-Spectrum Cephalosporins (ESCs)
penA.47.001	1	1	T483S	penA.483S	Resistance to Extended-Spectrum Cephalosporins (ESCs)
penA.48.001	1	1	T484S	penA.483S	Resistance to Extended-Spectrum Cephalosporins (ESCs)
penA.49.001	1	1	T484S	penA.483S	Resistance to Extended-Spectrum Cephalosporins (ESCs)
penA.5.001	1	1	T484S	penA.483S	Resistance to Extended-Spectrum Cephalosporins (ESCs)
penA.5.002	1	1	T484S	penA.483S	Resistance to Extended-Spectrum Cephalosporins (ESCs)
penA.5.003	1	1	T484S	penA.483S	Resistance to Extended-Spectrum Cephalosporins (ESCs)
penA.5.004	1	1	T484S	penA.483S	Resistance to Extended-Spectrum Cephalosporins (ESCs)
penA.50.001	1	1	T484S	penA.483S	Resistance to Extended-Spectrum Cephalosporins (ESCs)
penA.52.001	1	1	T483S	penA.483S	Resistance to Extended-Spectrum Cephalosporins (ESCs)
penA.53.001	1	1	T483S	penA.483S	Resistance to Extended-Spectrum Cephalosporins (ESCs)
penA.53.002	1	1	T483S	penA.483S	Resistance to Extended-Spectrum Cephalosporins (ESCs)
penA.54.001	1	1	T484S	penA.483S	Resistance to Extended-Spectrum Cephalosporins (ESCs)
penA.55.001	1	1	T483S	penA.483S	Resistance to Extended-Spectrum Cephalosporins (ESCs)
penA.56.001	1	1	T484S	penA.483S	Resistance to Extended-Spectrum Cephalosporins (ESCs)
penA.57.001	1	1	T484S	penA.483S	Resistance to Extended-Spectrum Cephalosporins (ESCs)
penA.58.001	1	1	T483S	penA.483S	Resistance to Extended-Spectrum Cephalosporins (ESCs)
penA.59.001	1	1	T483S	penA.483S	Resistance to Extended-Spectrum Cephalosporins (ESCs)
penA.7.001	1	1	T484S	penA.483S	Resistance to Extended-Spectrum Cephalosporins (ESCs)
penA.9.001	1	1	T484S	penA.483S	Resistance to Extended-Spectrum Cephalosporins (ESCs)
penA.0.001	1	1	A501V	penA.501V	Resistance to Extended-Spectrum Cephalosporins (ESCs)
penA.1.001	1	1	A502V	penA.501V	Resistance to Extended-Spectrum Cephalosporins (ESCs)
penA.1.002	1	1	A502V	penA.501V	Resistance to Extended-Spectrum Cephalosporins (ESCs)
penA.1.003	1	1	A502V	penA.501V	Resistance to Extended-Spectrum Cephalosporins (ESCs)
penA.10.001	1	1	A501V	penA.501V	Resistance to Extended-Spectrum Cephalosporins (ESCs)
penA.12.001	1	1	A502V	penA.501V	Resistance to Extended-Spectrum Cephalosporins (ESCs)
penA.12.002	1	1	A502V	penA.501V	Resistance to Extended-Spectrum Cephalosporins (ESCs)
penA.12.003	1	1	A502V	penA.501V	Resistance to Extended-Spectrum Cephalosporins (ESCs)
penA.13.001	1	1	A502V	penA.501V	Resistance to Extended-Spectrum Cephalosporins (ESCs)
penA.14.001	1	1	A502V	penA.501V	Resistance to Extended-Spectrum Cephalosporins (ESCs)
penA.14.002	1	1	A502V	penA.501V	Resistance to Extended-Spectrum Cephalosporins (ESCs)
penA.15.001	1	1	A501V	penA.501V	Resistance to Extended-Spectrum Cephalosporins (ESCs)
penA.15.002	1	1	A501V	penA.501V	Resistance to Extended-Spectrum Cephalosporins (ESCs)
penA.17.001	1	1	A502V	penA.501V	Resistance to Extended-Spectrum Cephalosporins (ESCs)
penA.18.001	1	1	T502V	penA.501V	Resistance to Extended-Spectrum Cephalosporins (ESCs)
penA.19.001	1	1	A502V	penA.501V	Resistance to Extended-Spectrum Cephalosporins (ESCs)
penA.2.001	1	1	A502V	penA.501V	Resistance to Extended-Spectrum Cephalosporins (ESCs)
penA.2.002	1	1	A502V	penA.501V	Resistance to Extended-Spectrum Cephalosporins (ESCs)
penA.2.003	1	1	A502V	penA.501V	Resistance to Extended-Spectrum Cephalosporins (ESCs)
penA.21.001	1	1	A502V	penA.501V	Resistance to Extended-Spectrum Cephalosporins (ESCs)
penA.22.001	1	1	A502V	penA.501V	Resistance to Extended-Spectrum Cephalosporins (ESCs)
penA.22.002	1	1	A502V	penA.501V	Resistance to Extended-Spectrum Cephalosporins (ESCs)
penA.22.003	1	1	A502V	penA.501V	Resistance to Extended-Spectrum Cephalosporins (ESCs)
penA.22.004	1	1	A502V	penA.501V	Resistance to Extended-Spectrum Cephalosporins (ESCs)
penA.22.005	1	1	A502V	penA.501V	Resistance to Extended-Spectrum Cephalosporins (ESCs)
penA.27.001	1	1	A501V	penA.501V	Resistance to Extended-Spectrum Cephalosporins (ESCs)
penA.3.001	1	1	A502V	penA.501V	Resistance to Extended-Spectrum Cephalosporins (ESCs)
penA.34.001	1	1	A501V	penA.501V	Resistance to Extended-Spectrum Cephalosporins (ESCs)
penA.34.002	1	1	A501V	penA.501V	Resistance to Extended-Spectrum Cephalosporins (ESCs)
penA.34.003	1	1	A501V	penA.501V	Resistance to Extended-Spectrum Cephalosporins (ESCs)
penA.34.004	1	1	A501V	penA.501V	Resistance to Extended-Spectrum Cephalosporins (ESCs)
penA.34.005	1	1	A501V	penA.501V	Resistance to Extended-Spectrum Cephalosporins (ESCs)
penA.35.001	1	1	A501V	penA.501V	Resistance to Extended-Spectrum Cephalosporins (ESCs)
penA.35.002	1	1	A501V	penA.501V	Resistance to Extended-Spectrum Cephalosporins (ESCs)
penA.35.003	1	1	A501V	penA.501V	Resistance to Extended-Spectrum Cephalosporins (ESCs)
penA.37.001	1	1	A501V	penA.501V	Resistance to Extended-Spectrum Cephalosporins (ESCs)
penA.38.001	1	1	A501V	penA.501V	Resistance to Extended-Spectrum Cephalosporins (ESCs)
penA.39.001	1	1	A502V	penA.501V	Resistance to Extended-Spectrum Cephalosporins (ESCs)
penA.4.001	1	1	A502V	penA.501V	Resistance to Extended-Spectrum Cephalosporins (ESCs)
penA.40.001	1	1	A502V	penA.501V	Resistance to Extended-Spectrum Cephalosporins (ESCs)
penA.41.001	1	1	A502V	penA.501V	Resistance to Extended-Spectrum Cephalosporins (ESCs)
penA.41.002	1	1	A502V	penA.501V	Resistance to Extended-Spectrum Cephalosporins (ESCs)
penA.42.001	1	1	P501V	penA.501V	Resistance to Extended-Spectrum Cephalosporins (ESCs)
penA.43.001	1	1	A502V	penA.501V	Resistance to Extended-Spectrum Cephalosporins (ESCs)
penA.43.002	1	1	A502V	penA.501V	Resistance to Extended-Spectrum Cephalosporins (ESCs)
penA.44.001	1	1	T502V	penA.501V	Resistance to Extended-Spectrum Cephalosporins (ESCs)
penA.45.001	1	1	A501V	penA.501V	Resistance to Extended-Spectrum Cephalosporins (ESCs)
penA.46.001	1	1	A502V	penA.501V	Resistance to Extended-Spectrum Cephalosporins (ESCs)
penA.47.001	1	1	A501V	penA.501V	Resistance to Extended-Spectrum Cephalosporins (ESCs)
penA.48.001	1	1	A502V	penA.501V	Resistance to Extended-Spectrum Cephalosporins (ESCs)
penA.49.001	1	1	T502V	penA.501V	Resistance to Extended-Spectrum Cephalosporins (ESCs)
penA.5.001	1	1	A502V	penA.501V	Resistance to Extended-Spectrum Cephalosporins (ESCs)
penA.5.002	1	1	A502V	penA.501V	Resistance to Extended-Spectrum Cephalosporins (ESCs)
penA.5.003	1	1	A502V	penA.501V	Resistance to Extended-Spectrum Cephalosporins (ESCs)
penA.5.004	1	1	A502V	penA.501V	Resistance to Extended-Spectrum Cephalosporins (ESCs)
penA.50.001	1	1	A502V	penA.501V	Resistance to Extended-Spectrum Cephalosporins (ESCs)
penA.52.001	1	1	A501V	penA.501V	Resistance to Extended-Spectrum Cephalosporins (ESCs)
penA.53.001	1	1	A501V	penA.501V	Resistance to Extended-Spectrum Cephalosporins (ESCs)
penA.53.002	1	1	A501V	penA.501V	Resistance to Extended-Spectrum Cephalosporins (ESCs)
penA.54.001	1	1	A502V	penA.501V	Resistance to Extended-Spectrum Cephalosporins (ESCs)
penA.55.001	1	1	A501V	penA.501V	Resistance to Extended-Spectrum Cephalosporins (ESCs)
penA.56.001	1	1	A502V	penA.501V	Resistance to Extended-Spectrum Cephalosporins (ESCs)
penA.57.001	1	1	A502V	penA.501V	Resistance to Extended-Spectrum Cephalosporins (ESCs)
penA.58.001	1	1	A501V	penA.501V	Resistance to Extended-Spectrum Cephalosporins (ESCs)
penA.59.001	1	1	A501V	penA.501V	Resistance to Extended-Spectrum Cephalosporins (ESCs)
penA.7.001	1	1	A502V	penA.501V	Resistance to Extended-Spectrum Cephalosporins (ESCs)
penA.9.001	1	1	A502V	penA.501V	Resistance to Extended-Spectrum Cephalosporins (ESCs)
penA.0.001	1	1	A501P	penA.501P	Resistance to Extended-Spectrum Cephalosporins (ESCs)
penA.1.001	1	1	A502P	penA.501P	Resistance to Extended-Spectrum Cephalosporins (ESCs)
penA.1.002	1	1	A502P	penA.501P	Resistance to Extended-Spectrum Cephalosporins (ESCs)
penA.1.003	1	1	A502P	penA.501P	Resistance to Extended-Spectrum Cephalosporins (ESCs)
penA.10.001	1	1	A501P	penA.501P	Resistance to Extended-Spectrum Cephalosporins (ESCs)
penA.12.001	1	1	A502P	penA.501P	Resistance to Extended-Spectrum Cephalosporins (ESCs)
penA.12.002	1	1	A502P	penA.501P	Resistance to Extended-Spectrum Cephalosporins (ESCs)
penA.12.003	1	1	A502P	penA.501P	Resistance to Extended-Spectrum Cephalosporins (ESCs)
penA.13.001	1	1	V502P	penA.501P	Resistance to Extended-Spectrum Cephalosporins (ESCs)
penA.14.001	1	1	A502P	penA.501P	Resistance to Extended-Spectrum Cephalosporins (ESCs)
penA.14.002	1	1	A502P	penA.501P	Resistance to Extended-Spectrum Cephalosporins (ESCs)
penA.15.001	1	1	A501P	penA.501P	Resistance to Extended-Spectrum Cephalosporins (ESCs)
penA.15.002	1	1	A501P	penA.501P	Resistance to Extended-Spectrum Cephalosporins (ESCs)
penA.17.001	1	1	V502P	penA.501P	Resistance to Extended-Spectrum Cephalosporins (ESCs)
penA.18.001	1	1	T502P	penA.501P	Resistance to Extended-Spectrum Cephalosporins (ESCs)
penA.19.001	1	1	A502P	penA.501P	Resistance to Extended-Spectrum Cephalosporins (ESCs)
penA.2.001	1	1	A502P	penA.501P	Resistance to Extended-Spectrum Cephalosporins (ESCs)
penA.2.002	1	1	A502P	penA.501P	Resistance to Extended-Spectrum Cephalosporins (ESCs)
penA.2.003	1	1	A502P	penA.501P	Resistance to Extended-Spectrum Cephalosporins (ESCs)
penA.21.001	1	1	V502P	penA.501P	Resistance to Extended-Spectrum Cephalosporins (ESCs)
penA.22.001	1	1	A502P	penA.501P	Resistance to Extended-Spectrum Cephalosporins (ESCs)
penA.22.002	1	1	A502P	penA.501P	Resistance to Extended-Spectrum Cephalosporins (ESCs)
penA.22.003	1	1	A502P	penA.501P	Resistance to Extended-Spectrum Cephalosporins (ESCs)
penA.22.004	1	1	A502P	penA.501P	Resistance to Extended-Spectrum Cephalosporins (ESCs)
penA.22.005	1	1	A502P	penA.501P	Resistance to Extended-Spectrum Cephalosporins (ESCs)
penA.27.001	1	1	A501P	penA.501P	Resistance to Extended-Spectrum Cephalosporins (ESCs)
penA.3.001	1	1	V502P	penA.501P	Resistance to Extended-Spectrum Cephalosporins (ESCs)
penA.34.001	1	1	A501P	penA.501P	Resistance to Extended-Spectrum Cephalosporins (ESCs)
penA.34.002	1	1	A501P	penA.501P	Resistance to Extended-Spectrum Cephalosporins (ESCs)
penA.34.003	1	1	A501P	penA.501P	Resistance to Extended-Spectrum Cephalosporins (ESCs)
penA.34.004	1	1	A501P	penA.501P	Resistance to Extended-Spectrum Cephalosporins (ESCs)
penA.34.005	1	1	A501P	penA.501P	Resistance to Extended-Spectrum Cephalosporins (ESCs)
penA.35.001	1	1	A501P	penA.501P	Resistance to Extended-Spectrum Cephalosporins (ESCs)
penA.35.002	1	1	A501P	penA.501P	Resistance to Extended-Spectrum Cephalosporins (ESCs)
penA.35.003	1	1	A501P	penA.501P	Resistance to Extended-Spectrum Cephalosporins (ESCs)
penA.37.001	1	1	A501P	penA.501P	Resistance to Extended-Spectrum Cephalosporins (ESCs)
penA.38.001	1	1	A501P	penA.501P	Resistance to Extended-Spectrum Cephalosporins (ESCs)
penA.39.001	1	1	A502P	penA.501P	Resistance to Extended-Spectrum Cephalosporins (ESCs)
penA.4.001	1	1	A502P	penA.501P	Resistance to Extended-Spectrum Cephalosporins (ESCs)
penA.40.001	1	1	A502P	penA.501P	Resistance to Extended-Spectrum Cephalosporins (ESCs)
penA.41.001	1	1	A502P	penA.501P	Resistance to Extended-Spectrum Cephalosporins (ESCs)
penA.41.002	1	1	A502P	penA.501P	Resistance to Extended-Spectrum Cephalosporins (ESCs)
penA.42.001	1	1	A501P	penA.501P	Resistance to Extended-Spectrum Cephalosporins (ESCs)
penA.43.001	1	1	V502P	penA.501P	Resistance to Extended-Spectrum Cephalosporins (ESCs)
penA.43.002	1	1	V502P	penA.501P	Resistance to Extended-Spectrum Cephalosporins (ESCs)
penA.44.001	1	1	T502P	penA.501P	Resistance to Extended-Spectrum Cephalosporins (ESCs)
penA.45.001	1	1	A501P	penA.501P	Resistance to Extended-Spectrum Cephalosporins (ESCs)
penA.46.001	1	1	A502P	penA.501P	Resistance to Extended-Spectrum Cephalosporins (ESCs)
penA.47.001	1	1	A501P	penA.501P	Resistance to Extended-Spectrum Cephalosporins (ESCs)
penA.48.001	1	1	A502P	penA.501P	Resistance to Extended-Spectrum Cephalosporins (ESCs)
penA.49.001	1	1	T502P	penA.501P	Resistance to Extended-Spectrum Cephalosporins (ESCs)
penA.5.001	1	1	A502P	penA.501P	Resistance to Extended-Spectrum Cephalosporins (ESCs)
penA.5.002	1	1	A502P	penA.501P	Resistance to Extended-Spectrum Cephalosporins (ESCs)
penA.5.003	1	1	A502P	penA.501P	Resistance to Extended-Spectrum Cephalosporins (ESCs)
penA.5.004	1	1	A502P	penA.501P	Resistance to Extended-Spectrum Cephalosporins (ESCs)
penA.50.001	1	1	A502P	penA.501P	Resistance to Extended-Spectrum Cephalosporins (ESCs)
penA.52.001	1	1	A501P	penA.501P	Resistance to Extended-Spectrum Cephalosporins (ESCs)
penA.53.001	1	1	A501P	penA.501P	Resistance to Extended-Spectrum Cephalosporins (ESCs)
penA.53.002	1	1	A501P	penA.501P	Resistance to Extended-Spectrum Cephalosporins (ESCs)
penA.54.001	1	1	V502P	penA.501P	Resistance to Extended-Spectrum Cephalosporins (ESCs)
penA.55.001	1	1	A501P	penA.501P	Resistance to Extended-Spectrum Cephalosporins (ESCs)
penA.56.001	1	1	V502P	penA.501P	Resistance to Extended-Spectrum Cephalosporins (ESCs)
penA.57.001	1	1	V502P	penA.501P	Resistance to Extended-Spectrum Cephalosporins (ESCs)
penA.58.001	1	1	A501P	penA.501P	Resistance to Extended-Spectrum Cephalosporins (ESCs)
penA.59.001	1	1	A501P	penA.501P	Resistance to Extended-Spectrum Cephalosporins (ESCs)
penA.7.001	1	1	V502P	penA.501P	Resistance to Extended-Spectrum Cephalosporins (ESCs)
penA.9.001	1	1	A502P	penA.501P	Resistance to Extended-Spectrum Cephalosporins (ESCs)
penA.0.001	1	1	G542S	penA.542S	Resistance to Extended-Spectrum Cephalosporins (ESCs)
penA.1.001	1	1	G543S	penA.542S	Resistance to Extended-Spectrum Cephalosporins (ESCs)
penA.1.002	1	1	G543S	penA.542S	Resistance to Extended-Spectrum Cephalosporins (ESCs)
penA.1.003	1	1	G543S	penA.542S	Resistance to Extended-Spectrum Cephalosporins (ESCs)
penA.10.001	1	1	G542S	penA.542S	Resistance to Extended-Spectrum Cephalosporins (ESCs)
penA.12.001	1	1	G543S	penA.542S	Resistance to Extended-Spectrum Cephalosporins (ESCs)
penA.12.002	1	1	G543S	penA.542S	Resistance to Extended-Spectrum Cephalosporins (ESCs)
penA.12.003	1	1	G543S	penA.542S	Resistance to Extended-Spectrum Cephalosporins (ESCs)
penA.13.001	1	1	G543S	penA.542S	Resistance to Extended-Spectrum Cephalosporins (ESCs)
penA.14.001	1	1	G543S	penA.542S	Resistance to Extended-Spectrum Cephalosporins (ESCs)
penA.14.002	1	1	G543S	penA.542S	Resistance to Extended-Spectrum Cephalosporins (ESCs)
penA.15.001	1	1	G542S	penA.542S	Resistance to Extended-Spectrum Cephalosporins (ESCs)
penA.15.002	1	1	G542S	penA.542S	Resistance to Extended-Spectrum Cephalosporins (ESCs)
penA.17.001	1	1	G543S	penA.542S	Resistance to Extended-Spectrum Cephalosporins (ESCs)
penA.18.001	1	1	G543S	penA.542S	Resistance to Extended-Spectrum Cephalosporins (ESCs)
penA.19.001	1	1	G543S	penA.542S	Resistance to Extended-Spectrum Cephalosporins (ESCs)
penA.2.001	1	1	G543S	penA.542S	Resistance to Extended-Spectrum Cephalosporins (ESCs)
penA.2.002	1	1	G543S	penA.542S	Resistance to Extended-Spectrum Cephalosporins (ESCs)
penA.2.003	1	1	G543S	penA.542S	Resistance to Extended-Spectrum Cephalosporins (ESCs)
penA.21.001	1	1	G543S	penA.542S	Resistance to Extended-Spectrum Cephalosporins (ESCs)
penA.22.001	1	1	G543S	penA.542S	Resistance to Extended-Spectrum Cephalosporins (ESCs)
penA.22.002	1	1	G543S	penA.542S	Resistance to Extended-Spectrum Cephalosporins (ESCs)
penA.22.003	1	1	G543S	penA.542S	Resistance to Extended-Spectrum Cephalosporins (ESCs)
penA.22.004	1	1	G543S	penA.542S	Resistance to Extended-Spectrum Cephalosporins (ESCs)
penA.22.005	1	1	G543S	penA.542S	Resistance to Extended-Spectrum Cephalosporins (ESCs)
penA.27.001	1	1	G542S	penA.542S	Resistance to Extended-Spectrum Cephalosporins (ESCs)
penA.3.001	1	1	G543S	penA.542S	Resistance to Extended-Spectrum Cephalosporins (ESCs)
penA.34.001	1	1	G542S	penA.542S	Resistance to Extended-Spectrum Cephalosporins (ESCs)
penA.34.002	1	1	G542S	penA.542S	Resistance to Extended-Spectrum Cephalosporins (ESCs)
penA.34.003	1	1	G542S	penA.542S	Resistance to Extended-Spectrum Cephalosporins (ESCs)
penA.34.004	1	1	G542S	penA.542S	Resistance to Extended-Spectrum Cephalosporins (ESCs)
penA.34.005	1	1	G542S	penA.542S	Resistance to Extended-Spectrum Cephalosporins (ESCs)
penA.35.001	1	1	G542S	penA.542S	Resistance to Extended-Spectrum Cephalosporins (ESCs)
penA.35.002	1	1	G542S	penA.542S	Resistance to Extended-Spectrum Cephalosporins (ESCs)
penA.35.003	1	1	G542S	penA.542S	Resistance to Extended-Spectrum Cephalosporins (ESCs)
penA.37.001	1	1	G542S	penA.542S	Resistance to Extended-Spectrum Cephalosporins (ESCs)
penA.38.001	1	1	G542S	penA.542S	Resistance to Extended-Spectrum Cephalosporins (ESCs)
penA.39.001	1	1	G543S	penA.542S	Resistance to Extended-Spectrum Cephalosporins (ESCs)
penA.4.001	1	1	G543S	penA.542S	Resistance to Extended-Spectrum Cephalosporins (ESCs)
penA.40.001	1	1	G543S	penA.542S	Resistance to Extended-Spectrum Cephalosporins (ESCs)
penA.41.001	1	1	G543S	penA.542S	Resistance to Extended-Spectrum Cephalosporins (ESCs)
penA.41.002	1	1	G543S	penA.542S	Resistance to Extended-Spectrum Cephalosporins (ESCs)
penA.42.001	1	1	G542S	penA.542S	Resistance to Extended-Spectrum Cephalosporins (ESCs)
penA.43.001	1	1	G543S	penA.542S	Resistance to Extended-Spectrum Cephalosporins (ESCs)
penA.43.002	1	1	G543S	penA.542S	Resistance to Extended-Spectrum Cephalosporins (ESCs)
penA.44.001	1	1	G543S	penA.542S	Resistance to Extended-Spectrum Cephalosporins (ESCs)
penA.45.001	1	1	G542S	penA.542S	Resistance to Extended-Spectrum Cephalosporins (ESCs)
penA.46.001	1	1	G543S	penA.542S	Resistance to Extended-Spectrum Cephalosporins (ESCs)
penA.47.001	1	1	G542S	penA.542S	Resistance to Extended-Spectrum Cephalosporins (ESCs)
penA.48.001	1	1	G543S	penA.542S	Resistance to Extended-Spectrum Cephalosporins (ESCs)
penA.49.001	1	1	G543S	penA.542S	Resistance to Extended-Spectrum Cephalosporins (ESCs)
penA.5.001	1	1	G543S	penA.542S	Resistance to Extended-Spectrum Cephalosporins (ESCs)
penA.5.002	1	1	G543S	penA.542S	Resistance to Extended-Spectrum Cephalosporins (ESCs)
penA.5.003	1	1	G543S	penA.542S	Resistance to Extended-Spectrum Cephalosporins (ESCs)
penA.5.004	1	1	G543S	penA.542S	Resistance to Extended-Spectrum Cephalosporins (ESCs)
penA.50.001	1	1	G543S	penA.542S	Resistance to Extended-Spectrum Cephalosporins (ESCs)
penA.52.001	1	1	G542S	penA.542S	Resistance to Extended-Spectrum Cephalosporins (ESCs)
penA.53.001	1	1	G542S	penA.542S	Resistance to Extended-Spectrum Cephalosporins (ESCs)
penA.53.002	1	1	G542S	penA.542S	Resistance to Extended-Spectrum Cephalosporins (ESCs)
penA.54.001	1	1	G543S	penA.542S	Resistance to Extended-Spectrum Cephalosporins (ESCs)
penA.55.001	1	1	G542S	penA.542S	Resistance to Extended-Spectrum Cephalosporins (ESCs)
penA.56.001	1	1	G543S	penA.542S	Resistance to Extended-Spectrum Cephalosporins (ESCs)
penA.57.001	1	1	G543S	penA.542S	Resistance to Extended-Spectrum Cephalosporins (ESCs)
penA.58.001	1	1	G542S	penA.542S	Resistance to Extended-Spectrum Cephalosporins (ESCs)
penA.59.001	1	1	G542S	penA.542S	Resistance to Extended-Spectrum Cephalosporins (ESCs)
penA.7.001	1	1	G543S	penA.542S	Resistance to Extended-Spectrum Cephalosporins (ESCs)
penA.9.001	1	1	G543S	penA.542S	Resistance to Extended-Spectrum Cephalosporins (ESCs)
penA.0.001	1	1	P551S	penA.551S	Resistance to Extended-Spectrum Cephalosporins (ESCs)
penA.1.001	1	1	P552S	penA.551S	Resistance to Extended-Spectrum Cephalosporins (ESCs)
penA.1.002	1	1	P552S	penA.551S	Resistance to Extended-Spectrum Cephalosporins (ESCs)
penA.1.003	1	1	P552S	penA.551S	Resistance to Extended-Spectrum Cephalosporins (ESCs)
penA.10.001	1	1	P551S	penA.551S	Resistance to Extended-Spectrum Cephalosporins (ESCs)
penA.12.001	1	1	P552S	penA.551S	Resistance to Extended-Spectrum Cephalosporins (ESCs)
penA.12.002	1	1	P552S	penA.551S	Resistance to Extended-Spectrum Cephalosporins (ESCs)
penA.12.003	1	1	P552S	penA.551S	Resistance to Extended-Spectrum Cephalosporins (ESCs)
penA.13.001	1	1	P552S	penA.551S	Resistance to Extended-Spectrum Cephalosporins (ESCs)
penA.14.001	1	1	P552S	penA.551S	Resistance to Extended-Spectrum Cephalosporins (ESCs)
penA.14.002	1	1	P552S	penA.551S	Resistance to Extended-Spectrum Cephalosporins (ESCs)
penA.15.001	1	1	P551S	penA.551S	Resistance to Extended-Spectrum Cephalosporins (ESCs)
penA.15.002	1	1	P551S	penA.551S	Resistance to Extended-Spectrum Cephalosporins (ESCs)
penA.17.001	1	1	P552S	penA.551S	Resistance to Extended-Spectrum Cephalosporins (ESCs)
penA.18.001	1	1	P552S	penA.551S	Resistance to Extended-Spectrum Cephalosporins (ESCs)
penA.19.001	1	1	P552S	penA.551S	Resistance to Extended-Spectrum Cephalosporins (ESCs)
penA.2.001	1	1	P552S	penA.551S	Resistance to Extended-Spectrum Cephalosporins (ESCs)
penA.2.002	1	1	P552S	penA.551S	Resistance to Extended-Spectrum Cephalosporins (ESCs)
penA.2.003	1	1	P552S	penA.551S	Resistance to Extended-Spectrum Cephalosporins (ESCs)
penA.21.001	1	1	P552S	penA.551S	Resistance to Extended-Spectrum Cephalosporins (ESCs)
penA.22.001	1	1	P552S	penA.551S	Resistance to Extended-Spectrum Cephalosporins (ESCs)
penA.22.002	1	1	P552S	penA.551S	Resistance to Extended-Spectrum Cephalosporins (ESCs)
penA.22.003	1	1	P552S	penA.551S	Resistance to Extended-Spectrum Cephalosporins (ESCs)
penA.22.004	1	1	P552S	penA.551S	Resistance to Extended-Spectrum Cephalosporins (ESCs)
penA.22.005	1	1	P552S	penA.551S	Resistance to Extended-Spectrum Cephalosporins (ESCs)
penA.27.001	1	1	P551S	penA.551S	Resistance to Extended-Spectrum Cephalosporins (ESCs)
penA.3.001	1	1	P552S	penA.551S	Resistance to Extended-Spectrum Cephalosporins (ESCs)
penA.34.001	1	1	P551S	penA.551S	Resistance to Extended-Spectrum Cephalosporins (ESCs)
penA.34.002	1	1	P551S	penA.551S	Resistance to Extended-Spectrum Cephalosporins (ESCs)
penA.34.003	1	1	P551S	penA.551S	Resistance to Extended-Spectrum Cephalosporins (ESCs)
penA.34.004	1	1	P551S	penA.551S	Resistance to Extended-Spectrum Cephalosporins (ESCs)
penA.34.005	1	1	P551S	penA.551S	Resistance to Extended-Spectrum Cephalosporins (ESCs)
penA.35.001	1	1	P551S	penA.551S	Resistance to Extended-Spectrum Cephalosporins (ESCs)
penA.35.002	1	1	P551S	penA.551S	Resistance to Extended-Spectrum Cephalosporins (ESCs)
penA.35.003	1	1	P551S	penA.551S	Resistance to Extended-Spectrum Cephalosporins (ESCs)
penA.37.001	1	1	P551S	penA.551S	Resistance to Extended-Spectrum Cephalosporins (ESCs)
penA.38.001	1	1	P551S	penA.551S	Resistance to Extended-Spectrum Cephalosporins (ESCs)
penA.39.001	1	1	P552S	penA.551S	Resistance to Extended-Spectrum Cephalosporins (ESCs)
penA.4.001	1	1	P552S	penA.551S	Resistance to Extended-Spectrum Cephalosporins (ESCs)
penA.40.001	1	1	P552S	penA.551S	Resistance to Extended-Spectrum Cephalosporins (ESCs)
penA.41.001	1	1	P552S	penA.551S	Resistance to Extended-Spectrum Cephalosporins (ESCs)
penA.41.002	1	1	P552S	penA.551S	Resistance to Extended-Spectrum Cephalosporins (ESCs)
penA.42.001	1	1	P551S	penA.551S	Resistance to Extended-Spectrum Cephalosporins (ESCs)
penA.43.001	1	1	P552S	penA.551S	Resistance to Extended-Spectrum Cephalosporins (ESCs)
penA.43.002	1	1	P552S	penA.551S	Resistance to Extended-Spectrum Cephalosporins (ESCs)
penA.44.001	1	1	L552S	penA.551S	Resistance to Extended-Spectrum Cephalosporins (ESCs)
penA.45.001	1	1	P551S	penA.551S	Resistance to Extended-Spectrum Cephalosporins (ESCs)
penA.46.001	1	1	P552S	penA.551S	Resistance to Extended-Spectrum Cephalosporins (ESCs)
penA.47.001	1	1	P551S	penA.551S	Resistance to Extended-Spectrum Cephalosporins (ESCs)
penA.48.001	1	1	P552S	penA.551S	Resistance to Extended-Spectrum Cephalosporins (ESCs)
penA.49.001	1	1	P552S	penA.551S	Resistance to Extended-Spectrum Cephalosporins (ESCs)
penA.5.001	1	1	P552S	penA.551S	Resistance to Extended-Spectrum Cephalosporins (ESCs)
penA.5.002	1	1	P552S	penA.551S	Resistance to Extended-Spectrum Cephalosporins (ESCs)
penA.5.003	1	1	P552S	penA.551S	Resistance to Extended-Spectrum Cephalosporins (ESCs)
penA.5.004	1	1	P552S	penA.551S	Resistance to Extended-Spectrum Cephalosporins (ESCs)
penA.50.001	1	1	A552S	penA.551S	Resistance to Extended-Spectrum Cephalosporins (ESCs)
penA.52.001	1	1	P551S	penA.551S	Resistance to Extended-Spectrum Cephalosporins (ESCs)
penA.53.001	1	1	A551S	penA.551S	Resistance to Extended-Spectrum Cephalosporins (ESCs)
penA.53.002	1	1	A551S	penA.551S	Resistance to Extended-Spectrum Cephalosporins (ESCs)
penA.54.001	1	1	A552S	penA.551S	Resistance to Extended-Spectrum Cephalosporins (ESCs)
penA.55.001	1	1	P551S	penA.551S	Resistance to Extended-Spectrum Cephalosporins (ESCs)
penA.56.001	1	1	G552S	penA.551S	Resistance to Extended-Spectrum Cephalosporins (ESCs)
penA.57.001	1	1	A552S	penA.551S	Resistance to Extended-Spectrum Cephalosporins (ESCs)
penA.58.001	1	1	A551S	penA.551S	Resistance to Extended-Spectrum Cephalosporins (ESCs)
penA.59.001	1	1	P551S	penA.551S	Resistance to Extended-Spectrum Cephalosporins (ESCs)
penA.7.001	1	1	P552S	penA.551S	Resistance to Extended-Spectrum Cephalosporins (ESCs)
penA.9.001	1	1	L552S	penA.551S	Resistance to Extended-Spectrum Cephalosporins (ESCs)
