16S.rDNA_WHO_F_01361c	0	1	C1184T	16S.1184T	E coli C1192T. Resistance to Spectinomycin
23S.rDNA_WHO_F_01358c	0	1	A2045G	23S.2045G	E coli A2059G. High-level resistance to Azithromycin
23S.rDNA_WHO_F_01358c	0	1	C2597T	23S.2597T 	E coli C2611T. Low-level resistance to Azithromycin
folP.WHO_F_01537c	1	1	R228S	folP.228S	Resistance to sulphonamides
folP.Neisseria_meningitidis_H44_76_v1_00541	1	1	R230S	folP.228S	Resistance to sulphonamides
folP.Neisseria_meningitidis_M01_240149_v1_00504	1	1	R228S	folP.228S	Resistance to sulphonamides
folP.Neisseria_meningitidis_MC58_v2_01707	1	1	R230S	folP.228S	Resistance to sulphonamides
folP.Neisseria_meningitidis_serogroup_A_Z2491_v1_01867	1	1	R228S	folP.228S	Resistance to sulphonamides
folP.Neisseria_meningitidis_serogroup_C_FAM18_v1_01586	1	1	R228S	folP.228S	Resistance to sulphonamides
folP.WHO_G_01367c	1	1	R228S	folP.228S	Resistance to sulphonamides
folP.WHO_K_01359c	1	1	R228S	folP.228S	Resistance to sulphonamides
folP.WHO_L_00516	1	1	R229S	folP.228S	Resistance to sulphonamides
folP.WHO_M_01364c	1	1	R228S	folP.228S	Resistance to sulphonamides
folP.WHO_N_01367c	1	1	R228S	folP.228S	Resistance to sulphonamides
folP.WHO_O_01412c	1	1	R229S	folP.228S	Resistance to sulphonamides
folP.WHO_P_01364c	1	1	R228S	folP.228S	Resistance to sulphonamides
folP.WHO_U_01433c	1	1	R228S	folP.228S	Resistance to sulphonamides
folP.WHO_V_01427c	1	1	R229S	folP.228S	Resistance to sulphonamides
folP.WHO_W_01420c	1	1	R228S	folP.228S	Resistance to sulphonamides
folP.WHO_X_01360c	1	1	R228S	folP.228S	Resistance to sulphonamides
folP.WHO_Y_01480c	1	1	R229S	folP.228S	Resistance to sulphonamides
folP.WHO_Z_01426c	1	1	R228S	folP.228S	Resistance to sulphonamides
gyrA.WHO_F_00668c	1	1	S91F	gyrA.91F	Resistance to fluoroquinolones
gyrA.Neisseria_meningitidis_H44_76_v1_00856	1	1	T91F	gyrA.91F	Resistance to fluoroquinolones
gyrA.Neisseria_meningitidis_M01_240149_v1_00796	1	1	T91F	gyrA.91F	Resistance to fluoroquinolones
gyrA.Neisseria_meningitidis_serogroup_A_Z2491_v1_01510	1	1	T91F	gyrA.91F	Resistance to fluoroquinolones
gyrA.Neisseria_meningitidis_serogroup_C_FAM18_v1_01290	1	1	T91F	gyrA.91F	Resistance to fluoroquinolones
gyrA.WHO_G_01105	1	1	S91F	gyrA.91F	Resistance to fluoroquinolones
gyrA.WHO_M_01098	1	1	S91F	gyrA.91F	Resistance to fluoroquinolones
gyrA.WHO_Z_01155	1	1	S91F	gyrA.91F	Resistance to fluoroquinolones
gyrA.WHO_F_00668c	1	1	D95N	gyrA.95N	Resistance to fluoroquinolones
gyrA.Neisseria_meningitidis_H44_76_v1_00856	1	1	D95N	gyrA.95N	Resistance to fluoroquinolones
gyrA.Neisseria_meningitidis_M01_240149_v1_00796	1	1	D95N	gyrA.95N	Resistance to fluoroquinolones
gyrA.Neisseria_meningitidis_serogroup_A_Z2491_v1_01510	1	1	D95N	gyrA.95N	Resistance to fluoroquinolones
gyrA.Neisseria_meningitidis_serogroup_C_FAM18_v1_01290	1	1	D95N	gyrA.95N	Resistance to fluoroquinolones
gyrA.WHO_G_01105	1	1	D95N	gyrA.95N	Resistance to fluoroquinolones
gyrA.WHO_M_01098	1	1	G95N	gyrA.95N	Resistance to fluoroquinolones
gyrA.WHO_Z_01155	1	1	D95N	gyrA.95N	Resistance to fluoroquinolones
gyrA.WHO_F_00668c	1	1	D95G	gyrA.95G	Resistance to fluoroquinolones
gyrA.Neisseria_meningitidis_H44_76_v1_00856	1	1	D95G	gyrA.95G	Resistance to fluoroquinolones
gyrA.Neisseria_meningitidis_M01_240149_v1_00796	1	1	D95G	gyrA.95G	Resistance to fluoroquinolones
gyrA.Neisseria_meningitidis_serogroup_A_Z2491_v1_01510	1	1	D95G	gyrA.95G	Resistance to fluoroquinolones
gyrA.Neisseria_meningitidis_serogroup_C_FAM18_v1_01290	1	1	D95G	gyrA.95G	Resistance to fluoroquinolones
gyrA.WHO_G_01105	1	1	D95G	gyrA.95G	Resistance to fluoroquinolones
gyrA.WHO_M_01098	1	1	D95G	gyrA.95G	Resistance to fluoroquinolones
gyrA.WHO_Z_01155	1	1	N95G	gyrA.95G	Resistance to fluoroquinolones
mtrR.WHO_F_01564	1	1	G45D	mtrR.45D	Increased efflux of antimicrobials, e.g. macrolides and b-lactam antimicrobials, that are substrates of the MtrCDE efflux pump
mtrR.Neisseria_meningitidis_H44_76_v1_00513	1	1	G45D	mtrR.45D	Increased efflux of antimicrobials, e.g. macrolides and b-lactam antimicrobials, that are substrates of the MtrCDE efflux pump
mtrR.Neisseria_meningitidis_M01_240149_v1_00481	1	1	G45D	mtrR.45D	Increased efflux of antimicrobials, e.g. macrolides and b-lactam antimicrobials, that are substrates of the MtrCDE efflux pump
mtrR.Neisseria_meningitidis_MC58_v2_01735	1	1	G45D	mtrR.45D	Increased efflux of antimicrobials, e.g. macrolides and b-lactam antimicrobials, that are substrates of the MtrCDE efflux pump
mtrR.Neisseria_meningitidis_serogroup_A_Z2491_v1_01888	1	1	G45D	mtrR.45D	Increased efflux of antimicrobials, e.g. macrolides and b-lactam antimicrobials, that are substrates of the MtrCDE efflux pump
mtrR.Neisseria_meningitidis_serogroup_C_FAM18_v1_01611	1	1	G45D	mtrR.45D	Increased efflux of antimicrobials, e.g. macrolides and b-lactam antimicrobials, that are substrates of the MtrCDE efflux pump
mtrR.WHO_G_01393	1	1	G45D	mtrR.45D	Increased efflux of antimicrobials, e.g. macrolides and b-lactam antimicrobials, that are substrates of the MtrCDE efflux pump
mtrR.WHO_K_01388	1	1	G45D	mtrR.45D	Increased efflux of antimicrobials, e.g. macrolides and b-lactam antimicrobials, that are substrates of the MtrCDE efflux pump
mtrR.WHO_L_00489c	1	1	G45D	mtrR.45D	Increased efflux of antimicrobials, e.g. macrolides and b-lactam antimicrobials, that are substrates of the MtrCDE efflux pump
mtrR.WHO_M_01390	1	1	G45D	mtrR.45D	Increased efflux of antimicrobials, e.g. macrolides and b-lactam antimicrobials, that are substrates of the MtrCDE efflux pump
mtrR.WHO_O_01438	1	1	G45D	mtrR.45D	Increased efflux of antimicrobials, e.g. macrolides and b-lactam antimicrobials, that are substrates of the MtrCDE efflux pump
mtrR.WHO_U_01459	1	1	G45D	mtrR.45D	Increased efflux of antimicrobials, e.g. macrolides and b-lactam antimicrobials, that are substrates of the MtrCDE efflux pump
mtrR.WHO_V_01454	1	1	G45D	mtrR.45D	Increased efflux of antimicrobials, e.g. macrolides and b-lactam antimicrobials, that are substrates of the MtrCDE efflux pump
mtrR.WHO_W_01449	1	1	G45D	mtrR.45D	Increased efflux of antimicrobials, e.g. macrolides and b-lactam antimicrobials, that are substrates of the MtrCDE efflux pump
mtrR.WHO_X_01389	1	1	G45D	mtrR.45D	Increased efflux of antimicrobials, e.g. macrolides and b-lactam antimicrobials, that are substrates of the MtrCDE efflux pump
mtrR.WHO_Y_01506	1	1	G45D	mtrR.45D	Increased efflux of antimicrobials, e.g. macrolides and b-lactam antimicrobials, that are substrates of the MtrCDE efflux pump
mtrR.WHO_Z_01455	1	1	G45D	mtrR.45D	Increased efflux of antimicrobials, e.g. macrolides and b-lactam antimicrobials, that are substrates of the MtrCDE efflux pump
parC.WHO_F_01444	1	1	D86N	parC.86N	Resistance to fluoroquinolones
parC.Neisseria_meningitidis_H44_76_v1_00633	1	1	D86N	parC.86N	Resistance to fluoroquinolones
parC.Neisseria_meningitidis_M01_240149_v1_00588	1	1	D84N	parC.86N	Resistance to fluoroquinolones
parC.Neisseria_meningitidis_serogroup_A_Z2491_v1_01724	1	1	D84N	parC.86N	Resistance to fluoroquinolones
parC.Neisseria_meningitidis_serogroup_C_FAM18_v1_01496	1	1	D84N	parC.86N	Resistance to fluoroquinolones
parC.WHO_G_00206c	1	1	D86N	parC.86N	Resistance to fluoroquinolones
parC.WHO_L_00611c	1	1	D86N	parC.86N	Resistance to fluoroquinolones
parC.WHO_M_00204c	1	1	D86N	parC.86N	Resistance to fluoroquinolones
parC.WHO_N_00209c	1	1	D86N	parC.86N	Resistance to fluoroquinolones
parC.WHO_P_00203c	1	1	D86N	parC.86N	Resistance to fluoroquinolones
parC.WHO_V_00204c	1	1	D86N	parC.86N	Resistance to fluoroquinolones
parC.WHO_X_00208c	1	1	D86N	parC.86N	Resistance to fluoroquinolones
parC.WHO_Y_00247c	1	1	D86N	parC.86N	Resistance to fluoroquinolones
parC.WHO_F_01444	1	1	S87R	parC.87R	Resistance to fluoroquinolones
parC.Neisseria_meningitidis_H44_76_v1_00633	1	1	S87R	parC.87R	Resistance to fluoroquinolones
parC.Neisseria_meningitidis_M01_240149_v1_00588	1	1	S85R	parC.87R	Resistance to fluoroquinolones
parC.Neisseria_meningitidis_serogroup_A_Z2491_v1_01724	1	1	S85R	parC.87R	Resistance to fluoroquinolones
parC.Neisseria_meningitidis_serogroup_C_FAM18_v1_01496	1	1	S85R	parC.87R	Resistance to fluoroquinolones
parC.WHO_G_00206c	1	1	S87R	parC.87R	Resistance to fluoroquinolones
parC.WHO_L_00611c	1	1	S87R	parC.87R	Resistance to fluoroquinolones
parC.WHO_M_00204c	1	1	S87R	parC.87R	Resistance to fluoroquinolones
parC.WHO_N_00209c	1	1	I87R	parC.87R	Resistance to fluoroquinolones
parC.WHO_P_00203c	1	1	S87R	parC.87R	Resistance to fluoroquinolones
parC.WHO_V_00204c	1	1	S87R	parC.87R	Resistance to fluoroquinolones
parC.WHO_X_00208c	1	1	S87R	parC.87R	Resistance to fluoroquinolones
parC.WHO_Y_00247c	1	1	S87R	parC.87R	Resistance to fluoroquinolones
parC.WHO_F_01444	1	1	S87I	parC.87I	Resistance to fluoroquinolones
parC.Neisseria_meningitidis_H44_76_v1_00633	1	1	S87I	parC.87I	Resistance to fluoroquinolones
parC.Neisseria_meningitidis_M01_240149_v1_00588	1	1	S85I	parC.87I	Resistance to fluoroquinolones
parC.Neisseria_meningitidis_serogroup_A_Z2491_v1_01724	1	1	S85I	parC.87I	Resistance to fluoroquinolones
parC.Neisseria_meningitidis_serogroup_C_FAM18_v1_01496	1	1	S85I	parC.87I	Resistance to fluoroquinolones
parC.WHO_G_00206c	1	1	S87I	parC.87I	Resistance to fluoroquinolones
parC.WHO_L_00611c	1	1	S87I	parC.87I	Resistance to fluoroquinolones
parC.WHO_M_00204c	1	1	S87I	parC.87I	Resistance to fluoroquinolones
parC.WHO_N_00209c	1	1	S87I	parC.87I	Resistance to fluoroquinolones
parC.WHO_P_00203c	1	1	S87I	parC.87I	Resistance to fluoroquinolones
parC.WHO_V_00204c	1	1	R87I	parC.87I	Resistance to fluoroquinolones
parC.WHO_X_00208c	1	1	R87I	parC.87I	Resistance to fluoroquinolones
parC.WHO_Y_00247c	1	1	R87I	parC.87I	Resistance to fluoroquinolones
parC.WHO_F_01444	1	1	S87W	parC.87W	Resistance to fluoroquinolones
parC.Neisseria_meningitidis_H44_76_v1_00633	1	1	S87W	parC.87W	Resistance to fluoroquinolones
parC.Neisseria_meningitidis_M01_240149_v1_00588	1	1	S85W	parC.87W	Resistance to fluoroquinolones
parC.Neisseria_meningitidis_serogroup_A_Z2491_v1_01724	1	1	S85W	parC.87W	Resistance to fluoroquinolones
parC.Neisseria_meningitidis_serogroup_C_FAM18_v1_01496	1	1	S85W	parC.87W	Resistance to fluoroquinolones
parC.WHO_G_00206c	1	1	S87W	parC.87W	Resistance to fluoroquinolones
parC.WHO_L_00611c	1	1	S87W	parC.87W	Resistance to fluoroquinolones
parC.WHO_M_00204c	1	1	S87W	parC.87W	Resistance to fluoroquinolones
parC.WHO_N_00209c	1	1	I87W	parC.87W	Resistance to fluoroquinolones
parC.WHO_P_00203c	1	1	S87W	parC.87W	Resistance to fluoroquinolones
parC.WHO_V_00204c	1	1	R87W	parC.87W	Resistance to fluoroquinolones
parC.WHO_X_00208c	1	1	R87W	parC.87W	Resistance to fluoroquinolones
parC.WHO_Y_00247c	1	1	R87W	parC.87W	Resistance to fluoroquinolones
parC.WHO_F_01444	1	1	S88P	parC.88P	Resistance to fluoroquinolones
parC.Neisseria_meningitidis_H44_76_v1_00633	1	1	S88P	parC.88P	Resistance to fluoroquinolones
parC.Neisseria_meningitidis_M01_240149_v1_00588	1	1	S86P	parC.88P	Resistance to fluoroquinolones
parC.Neisseria_meningitidis_serogroup_A_Z2491_v1_01724	1	1	S86P	parC.88P	Resistance to fluoroquinolones
parC.Neisseria_meningitidis_serogroup_C_FAM18_v1_01496	1	1	S86P	parC.88P	Resistance to fluoroquinolones
parC.WHO_G_00206c	1	1	S88P	parC.88P	Resistance to fluoroquinolones
parC.WHO_L_00611c	1	1	S88P	parC.88P	Resistance to fluoroquinolones
parC.WHO_M_00204c	1	1	S88P	parC.88P	Resistance to fluoroquinolones
parC.WHO_N_00209c	1	1	S88P	parC.88P	Resistance to fluoroquinolones
parC.WHO_P_00203c	1	1	S88P	parC.88P	Resistance to fluoroquinolones
parC.WHO_V_00204c	1	1	S88P	parC.88P	Resistance to fluoroquinolones
parC.WHO_X_00208c	1	1	S88P	parC.88P	Resistance to fluoroquinolones
parC.WHO_Y_00247c	1	1	S88P	parC.88P	Resistance to fluoroquinolones
parE.WHO_F_01528c	1	1	G410V	parE.410V	Resistance to fluoroquinolones
parE.Neisseria_meningitidis_H44_76_v1_00550	1	1	G410V	parE.410V	Resistance to fluoroquinolones
parE.Neisseria_meningitidis_M01_240149_v1_00513	1	1	G410V	parE.410V	Resistance to fluoroquinolones
parE.Neisseria_meningitidis_serogroup_A_Z2491_v1_01858	1	1	G410V	parE.410V	Resistance to fluoroquinolones
parE.Neisseria_meningitidis_serogroup_C_FAM18_v1_01577	1	1	G410V	parE.410V	Resistance to fluoroquinolones
parE.WHO_G_01358c	1	1	G410V	parE.410V	Resistance to fluoroquinolones
parE.WHO_M_01355c	1	1	G410V	parE.410V	Resistance to fluoroquinolones
parE.WHO_W_01411c	1	1	G410V	parE.410V	Resistance to fluoroquinolones
penA.0.001	1	1	A311V	penA.311V	Resistance to Extended-Spectrum Cephalosporins (ESCs)
penA.1.001	1	1	A311V	penA.311V	Resistance to Extended-Spectrum Cephalosporins (ESCs)
penA.1.002	1	1	A311V	penA.311V	Resistance to Extended-Spectrum Cephalosporins (ESCs)
penA.1.003	1	1	A311V	penA.311V	Resistance to Extended-Spectrum Cephalosporins (ESCs)
penA.10.001	1	1	A311V	penA.311V	Resistance to Extended-Spectrum Cephalosporins (ESCs)
penA.12.001	1	1	A311V	penA.311V	Resistance to Extended-Spectrum Cephalosporins (ESCs)
penA.12.002	1	1	A311V	penA.311V	Resistance to Extended-Spectrum Cephalosporins (ESCs)
penA.12.003	1	1	A311V	penA.311V	Resistance to Extended-Spectrum Cephalosporins (ESCs)
penA.13.001	1	1	A311V	penA.311V	Resistance to Extended-Spectrum Cephalosporins (ESCs)
penA.14.001	1	1	A311V	penA.311V	Resistance to Extended-Spectrum Cephalosporins (ESCs)
penA.14.002	1	1	A311V	penA.311V	Resistance to Extended-Spectrum Cephalosporins (ESCs)
penA.15.001	1	1	A311V	penA.311V	Resistance to Extended-Spectrum Cephalosporins (ESCs)
penA.15.002	1	1	A311V	penA.311V	Resistance to Extended-Spectrum Cephalosporins (ESCs)
penA.17.001	1	1	A311V	penA.311V	Resistance to Extended-Spectrum Cephalosporins (ESCs)
penA.18.001	1	1	A311V	penA.311V	Resistance to Extended-Spectrum Cephalosporins (ESCs)
penA.19.001	1	1	A311V	penA.311V	Resistance to Extended-Spectrum Cephalosporins (ESCs)
penA.2.001	1	1	A311V	penA.311V	Resistance to Extended-Spectrum Cephalosporins (ESCs)
penA.2.002	1	1	A311V	penA.311V	Resistance to Extended-Spectrum Cephalosporins (ESCs)
penA.2.003	1	1	A311V	penA.311V	Resistance to Extended-Spectrum Cephalosporins (ESCs)
penA.21.001	1	1	A311V	penA.311V	Resistance to Extended-Spectrum Cephalosporins (ESCs)
penA.22.001	1	1	A311V	penA.311V	Resistance to Extended-Spectrum Cephalosporins (ESCs)
penA.22.002	1	1	A311V	penA.311V	Resistance to Extended-Spectrum Cephalosporins (ESCs)
penA.22.003	1	1	A311V	penA.311V	Resistance to Extended-Spectrum Cephalosporins (ESCs)
penA.22.004	1	1	A311V	penA.311V	Resistance to Extended-Spectrum Cephalosporins (ESCs)
penA.22.005	1	1	A311V	penA.311V	Resistance to Extended-Spectrum Cephalosporins (ESCs)
penA.27.001	1	1	A311V	penA.311V	Resistance to Extended-Spectrum Cephalosporins (ESCs)
penA.3.001	1	1	A311V	penA.311V	Resistance to Extended-Spectrum Cephalosporins (ESCs)
penA.34.001	1	1	A311V	penA.311V	Resistance to Extended-Spectrum Cephalosporins (ESCs)
penA.34.002	1	1	A311V	penA.311V	Resistance to Extended-Spectrum Cephalosporins (ESCs)
penA.34.003	1	1	A311V	penA.311V	Resistance to Extended-Spectrum Cephalosporins (ESCs)
penA.34.004	1	1	A311V	penA.311V	Resistance to Extended-Spectrum Cephalosporins (ESCs)
penA.34.005	1	1	A311V	penA.311V	Resistance to Extended-Spectrum Cephalosporins (ESCs)
penA.35.001	1	1	A311V	penA.311V	Resistance to Extended-Spectrum Cephalosporins (ESCs)
penA.35.002	1	1	A311V	penA.311V	Resistance to Extended-Spectrum Cephalosporins (ESCs)
penA.35.003	1	1	A311V	penA.311V	Resistance to Extended-Spectrum Cephalosporins (ESCs)
penA.37.001	1	1	A311V	penA.311V	Resistance to Extended-Spectrum Cephalosporins (ESCs)
penA.38.001	1	1	A311V	penA.311V	Resistance to Extended-Spectrum Cephalosporins (ESCs)
penA.39.001	1	1	A311V	penA.311V	Resistance to Extended-Spectrum Cephalosporins (ESCs)
penA.4.001	1	1	A311V	penA.311V	Resistance to Extended-Spectrum Cephalosporins (ESCs)
penA.40.001	1	1	A311V	penA.311V	Resistance to Extended-Spectrum Cephalosporins (ESCs)
penA.41.001	1	1	A311V	penA.311V	Resistance to Extended-Spectrum Cephalosporins (ESCs)
penA.41.002	1	1	A311V	penA.311V	Resistance to Extended-Spectrum Cephalosporins (ESCs)
penA.42.001	1	1	A311V	penA.311V	Resistance to Extended-Spectrum Cephalosporins (ESCs)
penA.43.001	1	1	A311V	penA.311V	Resistance to Extended-Spectrum Cephalosporins (ESCs)
penA.43.002	1	1	A311V	penA.311V	Resistance to Extended-Spectrum Cephalosporins (ESCs)
penA.44.001	1	1	A311V	penA.311V	Resistance to Extended-Spectrum Cephalosporins (ESCs)
penA.45.001	1	1	A311V	penA.311V	Resistance to Extended-Spectrum Cephalosporins (ESCs)
penA.46.001	1	1	A311V	penA.311V	Resistance to Extended-Spectrum Cephalosporins (ESCs)
penA.47.001	1	1	A311V	penA.311V	Resistance to Extended-Spectrum Cephalosporins (ESCs)
penA.48.001	1	1	A311V	penA.311V	Resistance to Extended-Spectrum Cephalosporins (ESCs)
penA.49.001	1	1	A311V	penA.311V	Resistance to Extended-Spectrum Cephalosporins (ESCs)
penA.5.001	1	1	A311V	penA.311V	Resistance to Extended-Spectrum Cephalosporins (ESCs)
penA.5.002	1	1	A311V	penA.311V	Resistance to Extended-Spectrum Cephalosporins (ESCs)
penA.5.003	1	1	A311V	penA.311V	Resistance to Extended-Spectrum Cephalosporins (ESCs)
penA.5.004	1	1	A311V	penA.311V	Resistance to Extended-Spectrum Cephalosporins (ESCs)
penA.50.001	1	1	A311V	penA.311V	Resistance to Extended-Spectrum Cephalosporins (ESCs)
penA.52.001	1	1	A311V	penA.311V	Resistance to Extended-Spectrum Cephalosporins (ESCs)
penA.53.001	1	1	A311V	penA.311V	Resistance to Extended-Spectrum Cephalosporins (ESCs)
penA.53.002	1	1	A311V	penA.311V	Resistance to Extended-Spectrum Cephalosporins (ESCs)
penA.54.001	1	1	A311V	penA.311V	Resistance to Extended-Spectrum Cephalosporins (ESCs)
penA.55.001	1	1	A311V	penA.311V	Resistance to Extended-Spectrum Cephalosporins (ESCs)
penA.56.001	1	1	A311V	penA.311V	Resistance to Extended-Spectrum Cephalosporins (ESCs)
penA.57.001	1	1	A311V	penA.311V	Resistance to Extended-Spectrum Cephalosporins (ESCs)
penA.58.001	1	1	A311V	penA.311V	Resistance to Extended-Spectrum Cephalosporins (ESCs)
penA.59.001	1	1	A311V	penA.311V	Resistance to Extended-Spectrum Cephalosporins (ESCs)
penA.7.001	1	1	A311V	penA.311V	Resistance to Extended-Spectrum Cephalosporins (ESCs)
penA.9.001	1	1	A311V	penA.311V	Resistance to Extended-Spectrum Cephalosporins (ESCs)
penA.0.001	1	1	I312M	penA.312M	Resistance to Extended-Spectrum Cephalosporins (ESCs)
penA.1.001	1	1	I312M	penA.312M	Resistance to Extended-Spectrum Cephalosporins (ESCs)
penA.1.002	1	1	I312M	penA.312M	Resistance to Extended-Spectrum Cephalosporins (ESCs)
penA.1.003	1	1	I312M	penA.312M	Resistance to Extended-Spectrum Cephalosporins (ESCs)
penA.10.001	1	1	I312M	penA.312M	Resistance to Extended-Spectrum Cephalosporins (ESCs)
penA.12.001	1	1	I312M	penA.312M	Resistance to Extended-Spectrum Cephalosporins (ESCs)
penA.12.002	1	1	I312M	penA.312M	Resistance to Extended-Spectrum Cephalosporins (ESCs)
penA.12.003	1	1	I312M	penA.312M	Resistance to Extended-Spectrum Cephalosporins (ESCs)
penA.13.001	1	1	I312M	penA.312M	Resistance to Extended-Spectrum Cephalosporins (ESCs)
penA.14.001	1	1	I312M	penA.312M	Resistance to Extended-Spectrum Cephalosporins (ESCs)
penA.14.002	1	1	I312M	penA.312M	Resistance to Extended-Spectrum Cephalosporins (ESCs)
penA.15.001	1	1	I312M	penA.312M	Resistance to Extended-Spectrum Cephalosporins (ESCs)
penA.15.002	1	1	I312M	penA.312M	Resistance to Extended-Spectrum Cephalosporins (ESCs)
penA.17.001	1	1	I312M	penA.312M	Resistance to Extended-Spectrum Cephalosporins (ESCs)
penA.18.001	1	1	I312M	penA.312M	Resistance to Extended-Spectrum Cephalosporins (ESCs)
penA.19.001	1	1	I312M	penA.312M	Resistance to Extended-Spectrum Cephalosporins (ESCs)
penA.2.001	1	1	I312M	penA.312M	Resistance to Extended-Spectrum Cephalosporins (ESCs)
penA.2.002	1	1	I312M	penA.312M	Resistance to Extended-Spectrum Cephalosporins (ESCs)
penA.2.003	1	1	I312M	penA.312M	Resistance to Extended-Spectrum Cephalosporins (ESCs)
penA.21.001	1	1	I312M	penA.312M	Resistance to Extended-Spectrum Cephalosporins (ESCs)
penA.22.001	1	1	I312M	penA.312M	Resistance to Extended-Spectrum Cephalosporins (ESCs)
penA.22.002	1	1	I312M	penA.312M	Resistance to Extended-Spectrum Cephalosporins (ESCs)
penA.22.003	1	1	I312M	penA.312M	Resistance to Extended-Spectrum Cephalosporins (ESCs)
penA.22.004	1	1	I312M	penA.312M	Resistance to Extended-Spectrum Cephalosporins (ESCs)
penA.22.005	1	1	I312M	penA.312M	Resistance to Extended-Spectrum Cephalosporins (ESCs)
penA.27.001	1	1	I312M	penA.312M	Resistance to Extended-Spectrum Cephalosporins (ESCs)
penA.3.001	1	1	I312M	penA.312M	Resistance to Extended-Spectrum Cephalosporins (ESCs)
penA.34.001	1	1	I312M	penA.312M	Resistance to Extended-Spectrum Cephalosporins (ESCs)
penA.34.002	1	1	I312M	penA.312M	Resistance to Extended-Spectrum Cephalosporins (ESCs)
penA.34.003	1	1	I312M	penA.312M	Resistance to Extended-Spectrum Cephalosporins (ESCs)
penA.34.004	1	1	I312M	penA.312M	Resistance to Extended-Spectrum Cephalosporins (ESCs)
penA.34.005	1	1	I312M	penA.312M	Resistance to Extended-Spectrum Cephalosporins (ESCs)
penA.35.001	1	1	I312M	penA.312M	Resistance to Extended-Spectrum Cephalosporins (ESCs)
penA.35.002	1	1	I312M	penA.312M	Resistance to Extended-Spectrum Cephalosporins (ESCs)
penA.35.003	1	1	I312M	penA.312M	Resistance to Extended-Spectrum Cephalosporins (ESCs)
penA.37.001	1	1	I312M	penA.312M	Resistance to Extended-Spectrum Cephalosporins (ESCs)
penA.38.001	1	1	I312M	penA.312M	Resistance to Extended-Spectrum Cephalosporins (ESCs)
penA.39.001	1	1	I312M	penA.312M	Resistance to Extended-Spectrum Cephalosporins (ESCs)
penA.4.001	1	1	I312M	penA.312M	Resistance to Extended-Spectrum Cephalosporins (ESCs)
penA.40.001	1	1	I312M	penA.312M	Resistance to Extended-Spectrum Cephalosporins (ESCs)
penA.41.001	1	1	I312M	penA.312M	Resistance to Extended-Spectrum Cephalosporins (ESCs)
penA.41.002	1	1	I312M	penA.312M	Resistance to Extended-Spectrum Cephalosporins (ESCs)
penA.42.001	1	1	I312M	penA.312M	Resistance to Extended-Spectrum Cephalosporins (ESCs)
penA.43.001	1	1	I312M	penA.312M	Resistance to Extended-Spectrum Cephalosporins (ESCs)
penA.43.002	1	1	I312M	penA.312M	Resistance to Extended-Spectrum Cephalosporins (ESCs)
penA.44.001	1	1	I312M	penA.312M	Resistance to Extended-Spectrum Cephalosporins (ESCs)
penA.45.001	1	1	I312M	penA.312M	Resistance to Extended-Spectrum Cephalosporins (ESCs)
penA.46.001	1	1	I312M	penA.312M	Resistance to Extended-Spectrum Cephalosporins (ESCs)
penA.47.001	1	1	I312M	penA.312M	Resistance to Extended-Spectrum Cephalosporins (ESCs)
penA.48.001	1	1	I312M	penA.312M	Resistance to Extended-Spectrum Cephalosporins (ESCs)
penA.49.001	1	1	I312M	penA.312M	Resistance to Extended-Spectrum Cephalosporins (ESCs)
penA.5.001	1	1	I312M	penA.312M	Resistance to Extended-Spectrum Cephalosporins (ESCs)
penA.5.002	1	1	I312M	penA.312M	Resistance to Extended-Spectrum Cephalosporins (ESCs)
penA.5.003	1	1	I312M	penA.312M	Resistance to Extended-Spectrum Cephalosporins (ESCs)
penA.5.004	1	1	I312M	penA.312M	Resistance to Extended-Spectrum Cephalosporins (ESCs)
penA.50.001	1	1	I312M	penA.312M	Resistance to Extended-Spectrum Cephalosporins (ESCs)
penA.52.001	1	1	I312M	penA.312M	Resistance to Extended-Spectrum Cephalosporins (ESCs)
penA.53.001	1	1	I312M	penA.312M	Resistance to Extended-Spectrum Cephalosporins (ESCs)
penA.53.002	1	1	I312M	penA.312M	Resistance to Extended-Spectrum Cephalosporins (ESCs)
penA.54.001	1	1	I312M	penA.312M	Resistance to Extended-Spectrum Cephalosporins (ESCs)
penA.55.001	1	1	I312M	penA.312M	Resistance to Extended-Spectrum Cephalosporins (ESCs)
penA.56.001	1	1	I312M	penA.312M	Resistance to Extended-Spectrum Cephalosporins (ESCs)
penA.57.001	1	1	I312M	penA.312M	Resistance to Extended-Spectrum Cephalosporins (ESCs)
penA.58.001	1	1	I312M	penA.312M	Resistance to Extended-Spectrum Cephalosporins (ESCs)
penA.59.001	1	1	I312M	penA.312M	Resistance to Extended-Spectrum Cephalosporins (ESCs)
penA.7.001	1	1	I312M	penA.312M	Resistance to Extended-Spectrum Cephalosporins (ESCs)
penA.9.001	1	1	I312M	penA.312M	Resistance to Extended-Spectrum Cephalosporins (ESCs)
penA.0.001	1	1	G545S	penA.545S	Resistance to Extended-Spectrum Cephalosporins (ESCs)
penA.1.001	1	1	G546S	penA.545S	Resistance to Extended-Spectrum Cephalosporins (ESCs)
penA.1.002	1	1	G546S	penA.545S	Resistance to Extended-Spectrum Cephalosporins (ESCs)
penA.1.003	1	1	G546S	penA.545S	Resistance to Extended-Spectrum Cephalosporins (ESCs)
penA.10.001	1	1	G545S	penA.545S	Resistance to Extended-Spectrum Cephalosporins (ESCs)
penA.12.001	1	1	G546S	penA.545S	Resistance to Extended-Spectrum Cephalosporins (ESCs)
penA.12.002	1	1	G546S	penA.545S	Resistance to Extended-Spectrum Cephalosporins (ESCs)
penA.12.003	1	1	G546S	penA.545S	Resistance to Extended-Spectrum Cephalosporins (ESCs)
penA.13.001	1	1	G546S	penA.545S	Resistance to Extended-Spectrum Cephalosporins (ESCs)
penA.14.001	1	1	G546S	penA.545S	Resistance to Extended-Spectrum Cephalosporins (ESCs)
penA.14.002	1	1	G546S	penA.545S	Resistance to Extended-Spectrum Cephalosporins (ESCs)
penA.15.001	1	1	G545S	penA.545S	Resistance to Extended-Spectrum Cephalosporins (ESCs)
penA.15.002	1	1	G545S	penA.545S	Resistance to Extended-Spectrum Cephalosporins (ESCs)
penA.17.001	1	1	G546S	penA.545S	Resistance to Extended-Spectrum Cephalosporins (ESCs)
penA.18.001	1	1	G546S	penA.545S	Resistance to Extended-Spectrum Cephalosporins (ESCs)
penA.19.001	1	1	G546S	penA.545S	Resistance to Extended-Spectrum Cephalosporins (ESCs)
penA.2.001	1	1	G546S	penA.545S	Resistance to Extended-Spectrum Cephalosporins (ESCs)
penA.2.002	1	1	G546S	penA.545S	Resistance to Extended-Spectrum Cephalosporins (ESCs)
penA.2.003	1	1	G546S	penA.545S	Resistance to Extended-Spectrum Cephalosporins (ESCs)
penA.21.001	1	1	G546S	penA.545S	Resistance to Extended-Spectrum Cephalosporins (ESCs)
penA.22.001	1	1	G546S	penA.545S	Resistance to Extended-Spectrum Cephalosporins (ESCs)
penA.22.002	1	1	G546S	penA.545S	Resistance to Extended-Spectrum Cephalosporins (ESCs)
penA.22.003	1	1	G546S	penA.545S	Resistance to Extended-Spectrum Cephalosporins (ESCs)
penA.22.004	1	1	G546S	penA.545S	Resistance to Extended-Spectrum Cephalosporins (ESCs)
penA.22.005	1	1	G546S	penA.545S	Resistance to Extended-Spectrum Cephalosporins (ESCs)
penA.27.001	1	1	G545S	penA.545S	Resistance to Extended-Spectrum Cephalosporins (ESCs)
penA.3.001	1	1	G546S	penA.545S	Resistance to Extended-Spectrum Cephalosporins (ESCs)
penA.34.001	1	1	G545S	penA.545S	Resistance to Extended-Spectrum Cephalosporins (ESCs)
penA.34.002	1	1	G545S	penA.545S	Resistance to Extended-Spectrum Cephalosporins (ESCs)
penA.34.003	1	1	G545S	penA.545S	Resistance to Extended-Spectrum Cephalosporins (ESCs)
penA.34.004	1	1	G545S	penA.545S	Resistance to Extended-Spectrum Cephalosporins (ESCs)
penA.34.005	1	1	G545S	penA.545S	Resistance to Extended-Spectrum Cephalosporins (ESCs)
penA.35.001	1	1	G545S	penA.545S	Resistance to Extended-Spectrum Cephalosporins (ESCs)
penA.35.002	1	1	G545S	penA.545S	Resistance to Extended-Spectrum Cephalosporins (ESCs)
penA.35.003	1	1	G545S	penA.545S	Resistance to Extended-Spectrum Cephalosporins (ESCs)
penA.37.001	1	1	G545S	penA.545S	Resistance to Extended-Spectrum Cephalosporins (ESCs)
penA.38.001	1	1	G545S	penA.545S	Resistance to Extended-Spectrum Cephalosporins (ESCs)
penA.39.001	1	1	G546S	penA.545S	Resistance to Extended-Spectrum Cephalosporins (ESCs)
penA.4.001	1	1	G546S	penA.545S	Resistance to Extended-Spectrum Cephalosporins (ESCs)
penA.40.001	1	1	G546S	penA.545S	Resistance to Extended-Spectrum Cephalosporins (ESCs)
penA.41.001	1	1	G546S	penA.545S	Resistance to Extended-Spectrum Cephalosporins (ESCs)
penA.41.002	1	1	G546S	penA.545S	Resistance to Extended-Spectrum Cephalosporins (ESCs)
penA.42.001	1	1	G545S	penA.545S	Resistance to Extended-Spectrum Cephalosporins (ESCs)
penA.43.001	1	1	G546S	penA.545S	Resistance to Extended-Spectrum Cephalosporins (ESCs)
penA.43.002	1	1	G546S	penA.545S	Resistance to Extended-Spectrum Cephalosporins (ESCs)
penA.44.001	1	1	G546S	penA.545S	Resistance to Extended-Spectrum Cephalosporins (ESCs)
penA.45.001	1	1	G545S	penA.545S	Resistance to Extended-Spectrum Cephalosporins (ESCs)
penA.46.001	1	1	G546S	penA.545S	Resistance to Extended-Spectrum Cephalosporins (ESCs)
penA.47.001	1	1	G545S	penA.545S	Resistance to Extended-Spectrum Cephalosporins (ESCs)
penA.48.001	1	1	G546S	penA.545S	Resistance to Extended-Spectrum Cephalosporins (ESCs)
penA.49.001	1	1	G546S	penA.545S	Resistance to Extended-Spectrum Cephalosporins (ESCs)
penA.5.001	1	1	G546S	penA.545S	Resistance to Extended-Spectrum Cephalosporins (ESCs)
penA.5.002	1	1	G546S	penA.545S	Resistance to Extended-Spectrum Cephalosporins (ESCs)
penA.5.003	1	1	G546S	penA.545S	Resistance to Extended-Spectrum Cephalosporins (ESCs)
penA.5.004	1	1	G546S	penA.545S	Resistance to Extended-Spectrum Cephalosporins (ESCs)
penA.50.001	1	1	G546S	penA.545S	Resistance to Extended-Spectrum Cephalosporins (ESCs)
penA.52.001	1	1	G545S	penA.545S	Resistance to Extended-Spectrum Cephalosporins (ESCs)
penA.53.001	1	1	G545S	penA.545S	Resistance to Extended-Spectrum Cephalosporins (ESCs)
penA.53.002	1	1	G545S	penA.545S	Resistance to Extended-Spectrum Cephalosporins (ESCs)
penA.54.001	1	1	G546S	penA.545S	Resistance to Extended-Spectrum Cephalosporins (ESCs)
penA.55.001	1	1	G545S	penA.545S	Resistance to Extended-Spectrum Cephalosporins (ESCs)
penA.56.001	1	1	G546S	penA.545S	Resistance to Extended-Spectrum Cephalosporins (ESCs)
penA.57.001	1	1	G546S	penA.545S	Resistance to Extended-Spectrum Cephalosporins (ESCs)
penA.58.001	1	1	G545S	penA.545S	Resistance to Extended-Spectrum Cephalosporins (ESCs)
penA.59.001	1	1	G545S	penA.545S	Resistance to Extended-Spectrum Cephalosporins (ESCs)
penA.7.001	1	1	G546S	penA.545S	Resistance to Extended-Spectrum Cephalosporins (ESCs)
penA.9.001	1	1	G546S	penA.545S	Resistance to Extended-Spectrum Cephalosporins (ESCs)
penA.0.001	1	1	V316T	penA.316T	Resistance to Extended-Spectrum Cephalosporins (ESCs)
penA.1.001	1	1	V316T	penA.316T	Resistance to Extended-Spectrum Cephalosporins (ESCs)
penA.1.002	1	1	V316T	penA.316T	Resistance to Extended-Spectrum Cephalosporins (ESCs)
penA.1.003	1	1	V316T	penA.316T	Resistance to Extended-Spectrum Cephalosporins (ESCs)
penA.10.001	1	1	V316T	penA.316T	Resistance to Extended-Spectrum Cephalosporins (ESCs)
penA.12.001	1	1	V316T	penA.316T	Resistance to Extended-Spectrum Cephalosporins (ESCs)
penA.12.002	1	1	V316T	penA.316T	Resistance to Extended-Spectrum Cephalosporins (ESCs)
penA.12.003	1	1	V316T	penA.316T	Resistance to Extended-Spectrum Cephalosporins (ESCs)
penA.13.001	1	1	V316T	penA.316T	Resistance to Extended-Spectrum Cephalosporins (ESCs)
penA.14.001	1	1	V316T	penA.316T	Resistance to Extended-Spectrum Cephalosporins (ESCs)
penA.14.002	1	1	V316T	penA.316T	Resistance to Extended-Spectrum Cephalosporins (ESCs)
penA.15.001	1	1	V316T	penA.316T	Resistance to Extended-Spectrum Cephalosporins (ESCs)
penA.15.002	1	1	V316T	penA.316T	Resistance to Extended-Spectrum Cephalosporins (ESCs)
penA.17.001	1	1	V316T	penA.316T	Resistance to Extended-Spectrum Cephalosporins (ESCs)
penA.18.001	1	1	V316T	penA.316T	Resistance to Extended-Spectrum Cephalosporins (ESCs)
penA.19.001	1	1	V316T	penA.316T	Resistance to Extended-Spectrum Cephalosporins (ESCs)
penA.2.001	1	1	V316T	penA.316T	Resistance to Extended-Spectrum Cephalosporins (ESCs)
penA.2.002	1	1	V316T	penA.316T	Resistance to Extended-Spectrum Cephalosporins (ESCs)
penA.2.003	1	1	V316T	penA.316T	Resistance to Extended-Spectrum Cephalosporins (ESCs)
penA.21.001	1	1	V316T	penA.316T	Resistance to Extended-Spectrum Cephalosporins (ESCs)
penA.22.001	1	1	V316T	penA.316T	Resistance to Extended-Spectrum Cephalosporins (ESCs)
penA.22.002	1	1	V316T	penA.316T	Resistance to Extended-Spectrum Cephalosporins (ESCs)
penA.22.003	1	1	V316T	penA.316T	Resistance to Extended-Spectrum Cephalosporins (ESCs)
penA.22.004	1	1	V316T	penA.316T	Resistance to Extended-Spectrum Cephalosporins (ESCs)
penA.22.005	1	1	V316T	penA.316T	Resistance to Extended-Spectrum Cephalosporins (ESCs)
penA.27.001	1	1	V316T	penA.316T	Resistance to Extended-Spectrum Cephalosporins (ESCs)
penA.3.001	1	1	V316T	penA.316T	Resistance to Extended-Spectrum Cephalosporins (ESCs)
penA.34.001	1	1	V316T	penA.316T	Resistance to Extended-Spectrum Cephalosporins (ESCs)
penA.34.002	1	1	V316T	penA.316T	Resistance to Extended-Spectrum Cephalosporins (ESCs)
penA.34.003	1	1	V316T	penA.316T	Resistance to Extended-Spectrum Cephalosporins (ESCs)
penA.34.004	1	1	V316T	penA.316T	Resistance to Extended-Spectrum Cephalosporins (ESCs)
penA.34.005	1	1	V316T	penA.316T	Resistance to Extended-Spectrum Cephalosporins (ESCs)
penA.35.001	1	1	V316T	penA.316T	Resistance to Extended-Spectrum Cephalosporins (ESCs)
penA.35.002	1	1	V316T	penA.316T	Resistance to Extended-Spectrum Cephalosporins (ESCs)
penA.35.003	1	1	V316T	penA.316T	Resistance to Extended-Spectrum Cephalosporins (ESCs)
penA.37.001	1	1	P316T	penA.316T	Resistance to Extended-Spectrum Cephalosporins (ESCs)
penA.38.001	1	1	V316T	penA.316T	Resistance to Extended-Spectrum Cephalosporins (ESCs)
penA.39.001	1	1	V316T	penA.316T	Resistance to Extended-Spectrum Cephalosporins (ESCs)
penA.4.001	1	1	V316T	penA.316T	Resistance to Extended-Spectrum Cephalosporins (ESCs)
penA.40.001	1	1	V316T	penA.316T	Resistance to Extended-Spectrum Cephalosporins (ESCs)
penA.41.001	1	1	V316T	penA.316T	Resistance to Extended-Spectrum Cephalosporins (ESCs)
penA.41.002	1	1	V316T	penA.316T	Resistance to Extended-Spectrum Cephalosporins (ESCs)
penA.42.001	1	1	V316T	penA.316T	Resistance to Extended-Spectrum Cephalosporins (ESCs)
penA.43.001	1	1	V316T	penA.316T	Resistance to Extended-Spectrum Cephalosporins (ESCs)
penA.43.002	1	1	V316T	penA.316T	Resistance to Extended-Spectrum Cephalosporins (ESCs)
penA.44.001	1	1	V316T	penA.316T	Resistance to Extended-Spectrum Cephalosporins (ESCs)
penA.45.001	1	1	V316T	penA.316T	Resistance to Extended-Spectrum Cephalosporins (ESCs)
penA.46.001	1	1	V316T	penA.316T	Resistance to Extended-Spectrum Cephalosporins (ESCs)
penA.47.001	1	1	V316T	penA.316T	Resistance to Extended-Spectrum Cephalosporins (ESCs)
penA.48.001	1	1	V316T	penA.316T	Resistance to Extended-Spectrum Cephalosporins (ESCs)
penA.49.001	1	1	V316T	penA.316T	Resistance to Extended-Spectrum Cephalosporins (ESCs)
penA.5.001	1	1	V316T	penA.316T	Resistance to Extended-Spectrum Cephalosporins (ESCs)
penA.5.002	1	1	V316T	penA.316T	Resistance to Extended-Spectrum Cephalosporins (ESCs)
penA.5.003	1	1	V316T	penA.316T	Resistance to Extended-Spectrum Cephalosporins (ESCs)
penA.5.004	1	1	V316T	penA.316T	Resistance to Extended-Spectrum Cephalosporins (ESCs)
penA.50.001	1	1	V316T	penA.316T	Resistance to Extended-Spectrum Cephalosporins (ESCs)
penA.52.001	1	1	V316T	penA.316T	Resistance to Extended-Spectrum Cephalosporins (ESCs)
penA.53.001	1	1	V316T	penA.316T	Resistance to Extended-Spectrum Cephalosporins (ESCs)
penA.53.002	1	1	V316T	penA.316T	Resistance to Extended-Spectrum Cephalosporins (ESCs)
penA.54.001	1	1	V316T	penA.316T	Resistance to Extended-Spectrum Cephalosporins (ESCs)
penA.55.001	1	1	V316T	penA.316T	Resistance to Extended-Spectrum Cephalosporins (ESCs)
penA.56.001	1	1	V316T	penA.316T	Resistance to Extended-Spectrum Cephalosporins (ESCs)
penA.57.001	1	1	V316T	penA.316T	Resistance to Extended-Spectrum Cephalosporins (ESCs)
penA.58.001	1	1	V316T	penA.316T	Resistance to Extended-Spectrum Cephalosporins (ESCs)
penA.59.001	1	1	V316T	penA.316T	Resistance to Extended-Spectrum Cephalosporins (ESCs)
penA.7.001	1	1	V316T	penA.316T	Resistance to Extended-Spectrum Cephalosporins (ESCs)
penA.9.001	1	1	V316T	penA.316T	Resistance to Extended-Spectrum Cephalosporins (ESCs)
penA.0.001	1	1	V316P	penA.316P	Resistance to Extended-Spectrum Cephalosporins (ESCs)
penA.1.001	1	1	V316P	penA.316P	Resistance to Extended-Spectrum Cephalosporins (ESCs)
penA.1.002	1	1	V316P	penA.316P	Resistance to Extended-Spectrum Cephalosporins (ESCs)
penA.1.003	1	1	V316P	penA.316P	Resistance to Extended-Spectrum Cephalosporins (ESCs)
penA.10.001	1	1	T316P	penA.316P	Resistance to Extended-Spectrum Cephalosporins (ESCs)
penA.12.001	1	1	V316P	penA.316P	Resistance to Extended-Spectrum Cephalosporins (ESCs)
penA.12.002	1	1	V316P	penA.316P	Resistance to Extended-Spectrum Cephalosporins (ESCs)
penA.12.003	1	1	V316P	penA.316P	Resistance to Extended-Spectrum Cephalosporins (ESCs)
penA.13.001	1	1	V316P	penA.316P	Resistance to Extended-Spectrum Cephalosporins (ESCs)
penA.14.001	1	1	V316P	penA.316P	Resistance to Extended-Spectrum Cephalosporins (ESCs)
penA.14.002	1	1	V316P	penA.316P	Resistance to Extended-Spectrum Cephalosporins (ESCs)
penA.15.001	1	1	V316P	penA.316P	Resistance to Extended-Spectrum Cephalosporins (ESCs)
penA.15.002	1	1	V316P	penA.316P	Resistance to Extended-Spectrum Cephalosporins (ESCs)
penA.17.001	1	1	V316P	penA.316P	Resistance to Extended-Spectrum Cephalosporins (ESCs)
penA.18.001	1	1	V316P	penA.316P	Resistance to Extended-Spectrum Cephalosporins (ESCs)
penA.19.001	1	1	V316P	penA.316P	Resistance to Extended-Spectrum Cephalosporins (ESCs)
penA.2.001	1	1	V316P	penA.316P	Resistance to Extended-Spectrum Cephalosporins (ESCs)
penA.2.002	1	1	V316P	penA.316P	Resistance to Extended-Spectrum Cephalosporins (ESCs)
penA.2.003	1	1	V316P	penA.316P	Resistance to Extended-Spectrum Cephalosporins (ESCs)
penA.21.001	1	1	V316P	penA.316P	Resistance to Extended-Spectrum Cephalosporins (ESCs)
penA.22.001	1	1	V316P	penA.316P	Resistance to Extended-Spectrum Cephalosporins (ESCs)
penA.22.002	1	1	V316P	penA.316P	Resistance to Extended-Spectrum Cephalosporins (ESCs)
penA.22.003	1	1	V316P	penA.316P	Resistance to Extended-Spectrum Cephalosporins (ESCs)
penA.22.004	1	1	V316P	penA.316P	Resistance to Extended-Spectrum Cephalosporins (ESCs)
penA.22.005	1	1	V316P	penA.316P	Resistance to Extended-Spectrum Cephalosporins (ESCs)
penA.27.001	1	1	T316P	penA.316P	Resistance to Extended-Spectrum Cephalosporins (ESCs)
penA.3.001	1	1	V316P	penA.316P	Resistance to Extended-Spectrum Cephalosporins (ESCs)
penA.34.001	1	1	T316P	penA.316P	Resistance to Extended-Spectrum Cephalosporins (ESCs)
penA.34.002	1	1	T316P	penA.316P	Resistance to Extended-Spectrum Cephalosporins (ESCs)
penA.34.003	1	1	T316P	penA.316P	Resistance to Extended-Spectrum Cephalosporins (ESCs)
penA.34.004	1	1	T316P	penA.316P	Resistance to Extended-Spectrum Cephalosporins (ESCs)
penA.34.005	1	1	T316P	penA.316P	Resistance to Extended-Spectrum Cephalosporins (ESCs)
penA.35.001	1	1	T316P	penA.316P	Resistance to Extended-Spectrum Cephalosporins (ESCs)
penA.35.002	1	1	T316P	penA.316P	Resistance to Extended-Spectrum Cephalosporins (ESCs)
penA.35.003	1	1	T316P	penA.316P	Resistance to Extended-Spectrum Cephalosporins (ESCs)
penA.37.001	1	1	V316P	penA.316P	Resistance to Extended-Spectrum Cephalosporins (ESCs)
penA.38.001	1	1	V316P	penA.316P	Resistance to Extended-Spectrum Cephalosporins (ESCs)
penA.39.001	1	1	V316P	penA.316P	Resistance to Extended-Spectrum Cephalosporins (ESCs)
penA.4.001	1	1	V316P	penA.316P	Resistance to Extended-Spectrum Cephalosporins (ESCs)
penA.40.001	1	1	V316P	penA.316P	Resistance to Extended-Spectrum Cephalosporins (ESCs)
penA.41.001	1	1	V316P	penA.316P	Resistance to Extended-Spectrum Cephalosporins (ESCs)
penA.41.002	1	1	V316P	penA.316P	Resistance to Extended-Spectrum Cephalosporins (ESCs)
penA.42.001	1	1	T316P	penA.316P	Resistance to Extended-Spectrum Cephalosporins (ESCs)
penA.43.001	1	1	V316P	penA.316P	Resistance to Extended-Spectrum Cephalosporins (ESCs)
penA.43.002	1	1	V316P	penA.316P	Resistance to Extended-Spectrum Cephalosporins (ESCs)
penA.44.001	1	1	V316P	penA.316P	Resistance to Extended-Spectrum Cephalosporins (ESCs)
penA.45.001	1	1	V316P	penA.316P	Resistance to Extended-Spectrum Cephalosporins (ESCs)
penA.46.001	1	1	V316P	penA.316P	Resistance to Extended-Spectrum Cephalosporins (ESCs)
penA.47.001	1	1	T316P	penA.316P	Resistance to Extended-Spectrum Cephalosporins (ESCs)
penA.48.001	1	1	V316P	penA.316P	Resistance to Extended-Spectrum Cephalosporins (ESCs)
penA.49.001	1	1	V316P	penA.316P	Resistance to Extended-Spectrum Cephalosporins (ESCs)
penA.5.001	1	1	V316P	penA.316P	Resistance to Extended-Spectrum Cephalosporins (ESCs)
penA.5.002	1	1	V316P	penA.316P	Resistance to Extended-Spectrum Cephalosporins (ESCs)
penA.5.003	1	1	V316P	penA.316P	Resistance to Extended-Spectrum Cephalosporins (ESCs)
penA.5.004	1	1	V316P	penA.316P	Resistance to Extended-Spectrum Cephalosporins (ESCs)
penA.50.001	1	1	V316P	penA.316P	Resistance to Extended-Spectrum Cephalosporins (ESCs)
penA.52.001	1	1	T316P	penA.316P	Resistance to Extended-Spectrum Cephalosporins (ESCs)
penA.53.001	1	1	T316P	penA.316P	Resistance to Extended-Spectrum Cephalosporins (ESCs)
penA.53.002	1	1	T316P	penA.316P	Resistance to Extended-Spectrum Cephalosporins (ESCs)
penA.54.001	1	1	V316P	penA.316P	Resistance to Extended-Spectrum Cephalosporins (ESCs)
penA.55.001	1	1	T316P	penA.316P	Resistance to Extended-Spectrum Cephalosporins (ESCs)
penA.56.001	1	1	V316P	penA.316P	Resistance to Extended-Spectrum Cephalosporins (ESCs)
penA.57.001	1	1	V316P	penA.316P	Resistance to Extended-Spectrum Cephalosporins (ESCs)
penA.58.001	1	1	T316P	penA.316P	Resistance to Extended-Spectrum Cephalosporins (ESCs)
penA.59.001	1	1	T316P	penA.316P	Resistance to Extended-Spectrum Cephalosporins (ESCs)
penA.7.001	1	1	V316P	penA.316P	Resistance to Extended-Spectrum Cephalosporins (ESCs)
penA.9.001	1	1	V316P	penA.316P	Resistance to Extended-Spectrum Cephalosporins (ESCs)
penA.0.001	1	1	T483S	penA.483S	Resistance to Extended-Spectrum Cephalosporins (ESCs)
penA.1.001	1	1	T484S	penA.483S	Resistance to Extended-Spectrum Cephalosporins (ESCs)
penA.1.002	1	1	T484S	penA.483S	Resistance to Extended-Spectrum Cephalosporins (ESCs)
penA.1.003	1	1	T484S	penA.483S	Resistance to Extended-Spectrum Cephalosporins (ESCs)
penA.10.001	1	1	T483S	penA.483S	Resistance to Extended-Spectrum Cephalosporins (ESCs)
penA.12.001	1	1	T484S	penA.483S	Resistance to Extended-Spectrum Cephalosporins (ESCs)
penA.12.002	1	1	T484S	penA.483S	Resistance to Extended-Spectrum Cephalosporins (ESCs)
penA.12.003	1	1	T484S	penA.483S	Resistance to Extended-Spectrum Cephalosporins (ESCs)
penA.13.001	1	1	T484S	penA.483S	Resistance to Extended-Spectrum Cephalosporins (ESCs)
penA.14.001	1	1	T484S	penA.483S	Resistance to Extended-Spectrum Cephalosporins (ESCs)
penA.14.002	1	1	T484S	penA.483S	Resistance to Extended-Spectrum Cephalosporins (ESCs)
penA.15.001	1	1	T483S	penA.483S	Resistance to Extended-Spectrum Cephalosporins (ESCs)
penA.15.002	1	1	T483S	penA.483S	Resistance to Extended-Spectrum Cephalosporins (ESCs)
penA.17.001	1	1	T484S	penA.483S	Resistance to Extended-Spectrum Cephalosporins (ESCs)
penA.18.001	1	1	T484S	penA.483S	Resistance to Extended-Spectrum Cephalosporins (ESCs)
penA.19.001	1	1	T484S	penA.483S	Resistance to Extended-Spectrum Cephalosporins (ESCs)
penA.2.001	1	1	T484S	penA.483S	Resistance to Extended-Spectrum Cephalosporins (ESCs)
penA.2.002	1	1	T484S	penA.483S	Resistance to Extended-Spectrum Cephalosporins (ESCs)
penA.2.003	1	1	T484S	penA.483S	Resistance to Extended-Spectrum Cephalosporins (ESCs)
penA.21.001	1	1	T484S	penA.483S	Resistance to Extended-Spectrum Cephalosporins (ESCs)
penA.22.001	1	1	T484S	penA.483S	Resistance to Extended-Spectrum Cephalosporins (ESCs)
penA.22.002	1	1	T484S	penA.483S	Resistance to Extended-Spectrum Cephalosporins (ESCs)
penA.22.003	1	1	T484S	penA.483S	Resistance to Extended-Spectrum Cephalosporins (ESCs)
penA.22.004	1	1	T484S	penA.483S	Resistance to Extended-Spectrum Cephalosporins (ESCs)
penA.22.005	1	1	T484S	penA.483S	Resistance to Extended-Spectrum Cephalosporins (ESCs)
penA.27.001	1	1	T483S	penA.483S	Resistance to Extended-Spectrum Cephalosporins (ESCs)
penA.3.001	1	1	T484S	penA.483S	Resistance to Extended-Spectrum Cephalosporins (ESCs)
penA.34.001	1	1	T483S	penA.483S	Resistance to Extended-Spectrum Cephalosporins (ESCs)
penA.34.002	1	1	T483S	penA.483S	Resistance to Extended-Spectrum Cephalosporins (ESCs)
penA.34.003	1	1	T483S	penA.483S	Resistance to Extended-Spectrum Cephalosporins (ESCs)
penA.34.004	1	1	T483S	penA.483S	Resistance to Extended-Spectrum Cephalosporins (ESCs)
penA.34.005	1	1	T483S	penA.483S	Resistance to Extended-Spectrum Cephalosporins (ESCs)
penA.35.001	1	1	T483S	penA.483S	Resistance to Extended-Spectrum Cephalosporins (ESCs)
penA.35.002	1	1	T483S	penA.483S	Resistance to Extended-Spectrum Cephalosporins (ESCs)
penA.35.003	1	1	T483S	penA.483S	Resistance to Extended-Spectrum Cephalosporins (ESCs)
penA.37.001	1	1	T483S	penA.483S	Resistance to Extended-Spectrum Cephalosporins (ESCs)
penA.38.001	1	1	T483S	penA.483S	Resistance to Extended-Spectrum Cephalosporins (ESCs)
penA.39.001	1	1	T484S	penA.483S	Resistance to Extended-Spectrum Cephalosporins (ESCs)
penA.4.001	1	1	T484S	penA.483S	Resistance to Extended-Spectrum Cephalosporins (ESCs)
penA.40.001	1	1	T484S	penA.483S	Resistance to Extended-Spectrum Cephalosporins (ESCs)
penA.41.001	1	1	T484S	penA.483S	Resistance to Extended-Spectrum Cephalosporins (ESCs)
penA.41.002	1	1	T484S	penA.483S	Resistance to Extended-Spectrum Cephalosporins (ESCs)
penA.42.001	1	1	T483S	penA.483S	Resistance to Extended-Spectrum Cephalosporins (ESCs)
penA.43.001	1	1	T484S	penA.483S	Resistance to Extended-Spectrum Cephalosporins (ESCs)
penA.43.002	1	1	T484S	penA.483S	Resistance to Extended-Spectrum Cephalosporins (ESCs)
penA.44.001	1	1	T484S	penA.483S	Resistance to Extended-Spectrum Cephalosporins (ESCs)
penA.45.001	1	1	T483S	penA.483S	Resistance to Extended-Spectrum Cephalosporins (ESCs)
penA.46.001	1	1	T484S	penA.483S	Resistance to Extended-Spectrum Cephalosporins (ESCs)
penA.47.001	1	1	T483S	penA.483S	Resistance to Extended-Spectrum Cephalosporins (ESCs)
penA.48.001	1	1	T484S	penA.483S	Resistance to Extended-Spectrum Cephalosporins (ESCs)
penA.49.001	1	1	T484S	penA.483S	Resistance to Extended-Spectrum Cephalosporins (ESCs)
penA.5.001	1	1	T484S	penA.483S	Resistance to Extended-Spectrum Cephalosporins (ESCs)
penA.5.002	1	1	T484S	penA.483S	Resistance to Extended-Spectrum Cephalosporins (ESCs)
penA.5.003	1	1	T484S	penA.483S	Resistance to Extended-Spectrum Cephalosporins (ESCs)
penA.5.004	1	1	T484S	penA.483S	Resistance to Extended-Spectrum Cephalosporins (ESCs)
penA.50.001	1	1	T484S	penA.483S	Resistance to Extended-Spectrum Cephalosporins (ESCs)
penA.52.001	1	1	T483S	penA.483S	Resistance to Extended-Spectrum Cephalosporins (ESCs)
penA.53.001	1	1	T483S	penA.483S	Resistance to Extended-Spectrum Cephalosporins (ESCs)
penA.53.002	1	1	T483S	penA.483S	Resistance to Extended-Spectrum Cephalosporins (ESCs)
penA.54.001	1	1	T484S	penA.483S	Resistance to Extended-Spectrum Cephalosporins (ESCs)
penA.55.001	1	1	T483S	penA.483S	Resistance to Extended-Spectrum Cephalosporins (ESCs)
penA.56.001	1	1	T484S	penA.483S	Resistance to Extended-Spectrum Cephalosporins (ESCs)
penA.57.001	1	1	T484S	penA.483S	Resistance to Extended-Spectrum Cephalosporins (ESCs)
penA.58.001	1	1	T483S	penA.483S	Resistance to Extended-Spectrum Cephalosporins (ESCs)
penA.59.001	1	1	T483S	penA.483S	Resistance to Extended-Spectrum Cephalosporins (ESCs)
penA.7.001	1	1	T484S	penA.483S	Resistance to Extended-Spectrum Cephalosporins (ESCs)
penA.9.001	1	1	T484S	penA.483S	Resistance to Extended-Spectrum Cephalosporins (ESCs)
penA.0.001	1	1	A501V	penA.501V	Resistance to Extended-Spectrum Cephalosporins (ESCs)
penA.1.001	1	1	A502V	penA.501V	Resistance to Extended-Spectrum Cephalosporins (ESCs)
penA.1.002	1	1	A502V	penA.501V	Resistance to Extended-Spectrum Cephalosporins (ESCs)
penA.1.003	1	1	A502V	penA.501V	Resistance to Extended-Spectrum Cephalosporins (ESCs)
penA.10.001	1	1	A501V	penA.501V	Resistance to Extended-Spectrum Cephalosporins (ESCs)
penA.12.001	1	1	A502V	penA.501V	Resistance to Extended-Spectrum Cephalosporins (ESCs)
penA.12.002	1	1	A502V	penA.501V	Resistance to Extended-Spectrum Cephalosporins (ESCs)
penA.12.003	1	1	A502V	penA.501V	Resistance to Extended-Spectrum Cephalosporins (ESCs)
penA.13.001	1	1	A502V	penA.501V	Resistance to Extended-Spectrum Cephalosporins (ESCs)
penA.14.001	1	1	A502V	penA.501V	Resistance to Extended-Spectrum Cephalosporins (ESCs)
penA.14.002	1	1	A502V	penA.501V	Resistance to Extended-Spectrum Cephalosporins (ESCs)
penA.15.001	1	1	A501V	penA.501V	Resistance to Extended-Spectrum Cephalosporins (ESCs)
penA.15.002	1	1	A501V	penA.501V	Resistance to Extended-Spectrum Cephalosporins (ESCs)
penA.17.001	1	1	A502V	penA.501V	Resistance to Extended-Spectrum Cephalosporins (ESCs)
penA.18.001	1	1	T502V	penA.501V	Resistance to Extended-Spectrum Cephalosporins (ESCs)
penA.19.001	1	1	A502V	penA.501V	Resistance to Extended-Spectrum Cephalosporins (ESCs)
penA.2.001	1	1	A502V	penA.501V	Resistance to Extended-Spectrum Cephalosporins (ESCs)
penA.2.002	1	1	A502V	penA.501V	Resistance to Extended-Spectrum Cephalosporins (ESCs)
penA.2.003	1	1	A502V	penA.501V	Resistance to Extended-Spectrum Cephalosporins (ESCs)
penA.21.001	1	1	A502V	penA.501V	Resistance to Extended-Spectrum Cephalosporins (ESCs)
penA.22.001	1	1	A502V	penA.501V	Resistance to Extended-Spectrum Cephalosporins (ESCs)
penA.22.002	1	1	A502V	penA.501V	Resistance to Extended-Spectrum Cephalosporins (ESCs)
penA.22.003	1	1	A502V	penA.501V	Resistance to Extended-Spectrum Cephalosporins (ESCs)
penA.22.004	1	1	A502V	penA.501V	Resistance to Extended-Spectrum Cephalosporins (ESCs)
penA.22.005	1	1	A502V	penA.501V	Resistance to Extended-Spectrum Cephalosporins (ESCs)
penA.27.001	1	1	A501V	penA.501V	Resistance to Extended-Spectrum Cephalosporins (ESCs)
penA.3.001	1	1	A502V	penA.501V	Resistance to Extended-Spectrum Cephalosporins (ESCs)
penA.34.001	1	1	A501V	penA.501V	Resistance to Extended-Spectrum Cephalosporins (ESCs)
penA.34.002	1	1	A501V	penA.501V	Resistance to Extended-Spectrum Cephalosporins (ESCs)
penA.34.003	1	1	A501V	penA.501V	Resistance to Extended-Spectrum Cephalosporins (ESCs)
penA.34.004	1	1	A501V	penA.501V	Resistance to Extended-Spectrum Cephalosporins (ESCs)
penA.34.005	1	1	A501V	penA.501V	Resistance to Extended-Spectrum Cephalosporins (ESCs)
penA.35.001	1	1	A501V	penA.501V	Resistance to Extended-Spectrum Cephalosporins (ESCs)
penA.35.002	1	1	A501V	penA.501V	Resistance to Extended-Spectrum Cephalosporins (ESCs)
penA.35.003	1	1	A501V	penA.501V	Resistance to Extended-Spectrum Cephalosporins (ESCs)
penA.37.001	1	1	A501V	penA.501V	Resistance to Extended-Spectrum Cephalosporins (ESCs)
penA.38.001	1	1	A501V	penA.501V	Resistance to Extended-Spectrum Cephalosporins (ESCs)
penA.39.001	1	1	A502V	penA.501V	Resistance to Extended-Spectrum Cephalosporins (ESCs)
penA.4.001	1	1	A502V	penA.501V	Resistance to Extended-Spectrum Cephalosporins (ESCs)
penA.40.001	1	1	A502V	penA.501V	Resistance to Extended-Spectrum Cephalosporins (ESCs)
penA.41.001	1	1	A502V	penA.501V	Resistance to Extended-Spectrum Cephalosporins (ESCs)
penA.41.002	1	1	A502V	penA.501V	Resistance to Extended-Spectrum Cephalosporins (ESCs)
penA.42.001	1	1	P501V	penA.501V	Resistance to Extended-Spectrum Cephalosporins (ESCs)
penA.43.001	1	1	A502V	penA.501V	Resistance to Extended-Spectrum Cephalosporins (ESCs)
penA.43.002	1	1	A502V	penA.501V	Resistance to Extended-Spectrum Cephalosporins (ESCs)
penA.44.001	1	1	T502V	penA.501V	Resistance to Extended-Spectrum Cephalosporins (ESCs)
penA.45.001	1	1	A501V	penA.501V	Resistance to Extended-Spectrum Cephalosporins (ESCs)
penA.46.001	1	1	A502V	penA.501V	Resistance to Extended-Spectrum Cephalosporins (ESCs)
penA.47.001	1	1	A501V	penA.501V	Resistance to Extended-Spectrum Cephalosporins (ESCs)
penA.48.001	1	1	A502V	penA.501V	Resistance to Extended-Spectrum Cephalosporins (ESCs)
penA.49.001	1	1	T502V	penA.501V	Resistance to Extended-Spectrum Cephalosporins (ESCs)
penA.5.001	1	1	A502V	penA.501V	Resistance to Extended-Spectrum Cephalosporins (ESCs)
penA.5.002	1	1	A502V	penA.501V	Resistance to Extended-Spectrum Cephalosporins (ESCs)
penA.5.003	1	1	A502V	penA.501V	Resistance to Extended-Spectrum Cephalosporins (ESCs)
penA.5.004	1	1	A502V	penA.501V	Resistance to Extended-Spectrum Cephalosporins (ESCs)
penA.50.001	1	1	A502V	penA.501V	Resistance to Extended-Spectrum Cephalosporins (ESCs)
penA.52.001	1	1	A501V	penA.501V	Resistance to Extended-Spectrum Cephalosporins (ESCs)
penA.53.001	1	1	A501V	penA.501V	Resistance to Extended-Spectrum Cephalosporins (ESCs)
penA.53.002	1	1	A501V	penA.501V	Resistance to Extended-Spectrum Cephalosporins (ESCs)
penA.54.001	1	1	A502V	penA.501V	Resistance to Extended-Spectrum Cephalosporins (ESCs)
penA.55.001	1	1	A501V	penA.501V	Resistance to Extended-Spectrum Cephalosporins (ESCs)
penA.56.001	1	1	A502V	penA.501V	Resistance to Extended-Spectrum Cephalosporins (ESCs)
penA.57.001	1	1	A502V	penA.501V	Resistance to Extended-Spectrum Cephalosporins (ESCs)
penA.58.001	1	1	A501V	penA.501V	Resistance to Extended-Spectrum Cephalosporins (ESCs)
penA.59.001	1	1	A501V	penA.501V	Resistance to Extended-Spectrum Cephalosporins (ESCs)
penA.7.001	1	1	A502V	penA.501V	Resistance to Extended-Spectrum Cephalosporins (ESCs)
penA.9.001	1	1	A502V	penA.501V	Resistance to Extended-Spectrum Cephalosporins (ESCs)
penA.0.001	1	1	A501P	penA.501P	Resistance to Extended-Spectrum Cephalosporins (ESCs)
penA.1.001	1	1	A502P	penA.501P	Resistance to Extended-Spectrum Cephalosporins (ESCs)
penA.1.002	1	1	A502P	penA.501P	Resistance to Extended-Spectrum Cephalosporins (ESCs)
penA.1.003	1	1	A502P	penA.501P	Resistance to Extended-Spectrum Cephalosporins (ESCs)
penA.10.001	1	1	A501P	penA.501P	Resistance to Extended-Spectrum Cephalosporins (ESCs)
penA.12.001	1	1	A502P	penA.501P	Resistance to Extended-Spectrum Cephalosporins (ESCs)
penA.12.002	1	1	A502P	penA.501P	Resistance to Extended-Spectrum Cephalosporins (ESCs)
penA.12.003	1	1	A502P	penA.501P	Resistance to Extended-Spectrum Cephalosporins (ESCs)
penA.13.001	1	1	V502P	penA.501P	Resistance to Extended-Spectrum Cephalosporins (ESCs)
penA.14.001	1	1	A502P	penA.501P	Resistance to Extended-Spectrum Cephalosporins (ESCs)
penA.14.002	1	1	A502P	penA.501P	Resistance to Extended-Spectrum Cephalosporins (ESCs)
penA.15.001	1	1	A501P	penA.501P	Resistance to Extended-Spectrum Cephalosporins (ESCs)
penA.15.002	1	1	A501P	penA.501P	Resistance to Extended-Spectrum Cephalosporins (ESCs)
penA.17.001	1	1	V502P	penA.501P	Resistance to Extended-Spectrum Cephalosporins (ESCs)
penA.18.001	1	1	T502P	penA.501P	Resistance to Extended-Spectrum Cephalosporins (ESCs)
penA.19.001	1	1	A502P	penA.501P	Resistance to Extended-Spectrum Cephalosporins (ESCs)
penA.2.001	1	1	A502P	penA.501P	Resistance to Extended-Spectrum Cephalosporins (ESCs)
penA.2.002	1	1	A502P	penA.501P	Resistance to Extended-Spectrum Cephalosporins (ESCs)
penA.2.003	1	1	A502P	penA.501P	Resistance to Extended-Spectrum Cephalosporins (ESCs)
penA.21.001	1	1	V502P	penA.501P	Resistance to Extended-Spectrum Cephalosporins (ESCs)
penA.22.001	1	1	A502P	penA.501P	Resistance to Extended-Spectrum Cephalosporins (ESCs)
penA.22.002	1	1	A502P	penA.501P	Resistance to Extended-Spectrum Cephalosporins (ESCs)
penA.22.003	1	1	A502P	penA.501P	Resistance to Extended-Spectrum Cephalosporins (ESCs)
penA.22.004	1	1	A502P	penA.501P	Resistance to Extended-Spectrum Cephalosporins (ESCs)
penA.22.005	1	1	A502P	penA.501P	Resistance to Extended-Spectrum Cephalosporins (ESCs)
penA.27.001	1	1	A501P	penA.501P	Resistance to Extended-Spectrum Cephalosporins (ESCs)
penA.3.001	1	1	V502P	penA.501P	Resistance to Extended-Spectrum Cephalosporins (ESCs)
penA.34.001	1	1	A501P	penA.501P	Resistance to Extended-Spectrum Cephalosporins (ESCs)
penA.34.002	1	1	A501P	penA.501P	Resistance to Extended-Spectrum Cephalosporins (ESCs)
penA.34.003	1	1	A501P	penA.501P	Resistance to Extended-Spectrum Cephalosporins (ESCs)
penA.34.004	1	1	A501P	penA.501P	Resistance to Extended-Spectrum Cephalosporins (ESCs)
penA.34.005	1	1	A501P	penA.501P	Resistance to Extended-Spectrum Cephalosporins (ESCs)
penA.35.001	1	1	A501P	penA.501P	Resistance to Extended-Spectrum Cephalosporins (ESCs)
penA.35.002	1	1	A501P	penA.501P	Resistance to Extended-Spectrum Cephalosporins (ESCs)
penA.35.003	1	1	A501P	penA.501P	Resistance to Extended-Spectrum Cephalosporins (ESCs)
penA.37.001	1	1	A501P	penA.501P	Resistance to Extended-Spectrum Cephalosporins (ESCs)
penA.38.001	1	1	A501P	penA.501P	Resistance to Extended-Spectrum Cephalosporins (ESCs)
penA.39.001	1	1	A502P	penA.501P	Resistance to Extended-Spectrum Cephalosporins (ESCs)
penA.4.001	1	1	A502P	penA.501P	Resistance to Extended-Spectrum Cephalosporins (ESCs)
penA.40.001	1	1	A502P	penA.501P	Resistance to Extended-Spectrum Cephalosporins (ESCs)
penA.41.001	1	1	A502P	penA.501P	Resistance to Extended-Spectrum Cephalosporins (ESCs)
penA.41.002	1	1	A502P	penA.501P	Resistance to Extended-Spectrum Cephalosporins (ESCs)
penA.42.001	1	1	A501P	penA.501P	Resistance to Extended-Spectrum Cephalosporins (ESCs)
penA.43.001	1	1	V502P	penA.501P	Resistance to Extended-Spectrum Cephalosporins (ESCs)
penA.43.002	1	1	V502P	penA.501P	Resistance to Extended-Spectrum Cephalosporins (ESCs)
penA.44.001	1	1	T502P	penA.501P	Resistance to Extended-Spectrum Cephalosporins (ESCs)
penA.45.001	1	1	A501P	penA.501P	Resistance to Extended-Spectrum Cephalosporins (ESCs)
penA.46.001	1	1	A502P	penA.501P	Resistance to Extended-Spectrum Cephalosporins (ESCs)
penA.47.001	1	1	A501P	penA.501P	Resistance to Extended-Spectrum Cephalosporins (ESCs)
penA.48.001	1	1	A502P	penA.501P	Resistance to Extended-Spectrum Cephalosporins (ESCs)
penA.49.001	1	1	T502P	penA.501P	Resistance to Extended-Spectrum Cephalosporins (ESCs)
penA.5.001	1	1	A502P	penA.501P	Resistance to Extended-Spectrum Cephalosporins (ESCs)
penA.5.002	1	1	A502P	penA.501P	Resistance to Extended-Spectrum Cephalosporins (ESCs)
penA.5.003	1	1	A502P	penA.501P	Resistance to Extended-Spectrum Cephalosporins (ESCs)
penA.5.004	1	1	A502P	penA.501P	Resistance to Extended-Spectrum Cephalosporins (ESCs)
penA.50.001	1	1	A502P	penA.501P	Resistance to Extended-Spectrum Cephalosporins (ESCs)
penA.52.001	1	1	A501P	penA.501P	Resistance to Extended-Spectrum Cephalosporins (ESCs)
penA.53.001	1	1	A501P	penA.501P	Resistance to Extended-Spectrum Cephalosporins (ESCs)
penA.53.002	1	1	A501P	penA.501P	Resistance to Extended-Spectrum Cephalosporins (ESCs)
penA.54.001	1	1	V502P	penA.501P	Resistance to Extended-Spectrum Cephalosporins (ESCs)
penA.55.001	1	1	A501P	penA.501P	Resistance to Extended-Spectrum Cephalosporins (ESCs)
penA.56.001	1	1	V502P	penA.501P	Resistance to Extended-Spectrum Cephalosporins (ESCs)
penA.57.001	1	1	V502P	penA.501P	Resistance to Extended-Spectrum Cephalosporins (ESCs)
penA.58.001	1	1	A501P	penA.501P	Resistance to Extended-Spectrum Cephalosporins (ESCs)
penA.59.001	1	1	A501P	penA.501P	Resistance to Extended-Spectrum Cephalosporins (ESCs)
penA.7.001	1	1	V502P	penA.501P	Resistance to Extended-Spectrum Cephalosporins (ESCs)
penA.9.001	1	1	A502P	penA.501P	Resistance to Extended-Spectrum Cephalosporins (ESCs)
penA.0.001	1	1	G542S	penA.542S	Resistance to Extended-Spectrum Cephalosporins (ESCs)
penA.1.001	1	1	G543S	penA.542S	Resistance to Extended-Spectrum Cephalosporins (ESCs)
penA.1.002	1	1	G543S	penA.542S	Resistance to Extended-Spectrum Cephalosporins (ESCs)
penA.1.003	1	1	G543S	penA.542S	Resistance to Extended-Spectrum Cephalosporins (ESCs)
penA.10.001	1	1	G542S	penA.542S	Resistance to Extended-Spectrum Cephalosporins (ESCs)
penA.12.001	1	1	G543S	penA.542S	Resistance to Extended-Spectrum Cephalosporins (ESCs)
penA.12.002	1	1	G543S	penA.542S	Resistance to Extended-Spectrum Cephalosporins (ESCs)
penA.12.003	1	1	G543S	penA.542S	Resistance to Extended-Spectrum Cephalosporins (ESCs)
penA.13.001	1	1	G543S	penA.542S	Resistance to Extended-Spectrum Cephalosporins (ESCs)
penA.14.001	1	1	G543S	penA.542S	Resistance to Extended-Spectrum Cephalosporins (ESCs)
penA.14.002	1	1	G543S	penA.542S	Resistance to Extended-Spectrum Cephalosporins (ESCs)
penA.15.001	1	1	G542S	penA.542S	Resistance to Extended-Spectrum Cephalosporins (ESCs)
penA.15.002	1	1	G542S	penA.542S	Resistance to Extended-Spectrum Cephalosporins (ESCs)
penA.17.001	1	1	G543S	penA.542S	Resistance to Extended-Spectrum Cephalosporins (ESCs)
penA.18.001	1	1	G543S	penA.542S	Resistance to Extended-Spectrum Cephalosporins (ESCs)
penA.19.001	1	1	G543S	penA.542S	Resistance to Extended-Spectrum Cephalosporins (ESCs)
penA.2.001	1	1	G543S	penA.542S	Resistance to Extended-Spectrum Cephalosporins (ESCs)
penA.2.002	1	1	G543S	penA.542S	Resistance to Extended-Spectrum Cephalosporins (ESCs)
penA.2.003	1	1	G543S	penA.542S	Resistance to Extended-Spectrum Cephalosporins (ESCs)
penA.21.001	1	1	G543S	penA.542S	Resistance to Extended-Spectrum Cephalosporins (ESCs)
penA.22.001	1	1	G543S	penA.542S	Resistance to Extended-Spectrum Cephalosporins (ESCs)
penA.22.002	1	1	G543S	penA.542S	Resistance to Extended-Spectrum Cephalosporins (ESCs)
penA.22.003	1	1	G543S	penA.542S	Resistance to Extended-Spectrum Cephalosporins (ESCs)
penA.22.004	1	1	G543S	penA.542S	Resistance to Extended-Spectrum Cephalosporins (ESCs)
penA.22.005	1	1	G543S	penA.542S	Resistance to Extended-Spectrum Cephalosporins (ESCs)
penA.27.001	1	1	G542S	penA.542S	Resistance to Extended-Spectrum Cephalosporins (ESCs)
penA.3.001	1	1	G543S	penA.542S	Resistance to Extended-Spectrum Cephalosporins (ESCs)
penA.34.001	1	1	G542S	penA.542S	Resistance to Extended-Spectrum Cephalosporins (ESCs)
penA.34.002	1	1	G542S	penA.542S	Resistance to Extended-Spectrum Cephalosporins (ESCs)
penA.34.003	1	1	G542S	penA.542S	Resistance to Extended-Spectrum Cephalosporins (ESCs)
penA.34.004	1	1	G542S	penA.542S	Resistance to Extended-Spectrum Cephalosporins (ESCs)
penA.34.005	1	1	G542S	penA.542S	Resistance to Extended-Spectrum Cephalosporins (ESCs)
penA.35.001	1	1	G542S	penA.542S	Resistance to Extended-Spectrum Cephalosporins (ESCs)
penA.35.002	1	1	G542S	penA.542S	Resistance to Extended-Spectrum Cephalosporins (ESCs)
penA.35.003	1	1	G542S	penA.542S	Resistance to Extended-Spectrum Cephalosporins (ESCs)
penA.37.001	1	1	G542S	penA.542S	Resistance to Extended-Spectrum Cephalosporins (ESCs)
penA.38.001	1	1	G542S	penA.542S	Resistance to Extended-Spectrum Cephalosporins (ESCs)
penA.39.001	1	1	G543S	penA.542S	Resistance to Extended-Spectrum Cephalosporins (ESCs)
penA.4.001	1	1	G543S	penA.542S	Resistance to Extended-Spectrum Cephalosporins (ESCs)
penA.40.001	1	1	G543S	penA.542S	Resistance to Extended-Spectrum Cephalosporins (ESCs)
penA.41.001	1	1	G543S	penA.542S	Resistance to Extended-Spectrum Cephalosporins (ESCs)
penA.41.002	1	1	G543S	penA.542S	Resistance to Extended-Spectrum Cephalosporins (ESCs)
penA.42.001	1	1	G542S	penA.542S	Resistance to Extended-Spectrum Cephalosporins (ESCs)
penA.43.001	1	1	G543S	penA.542S	Resistance to Extended-Spectrum Cephalosporins (ESCs)
penA.43.002	1	1	G543S	penA.542S	Resistance to Extended-Spectrum Cephalosporins (ESCs)
penA.44.001	1	1	G543S	penA.542S	Resistance to Extended-Spectrum Cephalosporins (ESCs)
penA.45.001	1	1	G542S	penA.542S	Resistance to Extended-Spectrum Cephalosporins (ESCs)
penA.46.001	1	1	G543S	penA.542S	Resistance to Extended-Spectrum Cephalosporins (ESCs)
penA.47.001	1	1	G542S	penA.542S	Resistance to Extended-Spectrum Cephalosporins (ESCs)
penA.48.001	1	1	G543S	penA.542S	Resistance to Extended-Spectrum Cephalosporins (ESCs)
penA.49.001	1	1	G543S	penA.542S	Resistance to Extended-Spectrum Cephalosporins (ESCs)
penA.5.001	1	1	G543S	penA.542S	Resistance to Extended-Spectrum Cephalosporins (ESCs)
penA.5.002	1	1	G543S	penA.542S	Resistance to Extended-Spectrum Cephalosporins (ESCs)
penA.5.003	1	1	G543S	penA.542S	Resistance to Extended-Spectrum Cephalosporins (ESCs)
penA.5.004	1	1	G543S	penA.542S	Resistance to Extended-Spectrum Cephalosporins (ESCs)
penA.50.001	1	1	G543S	penA.542S	Resistance to Extended-Spectrum Cephalosporins (ESCs)
penA.52.001	1	1	G542S	penA.542S	Resistance to Extended-Spectrum Cephalosporins (ESCs)
penA.53.001	1	1	G542S	penA.542S	Resistance to Extended-Spectrum Cephalosporins (ESCs)
penA.53.002	1	1	G542S	penA.542S	Resistance to Extended-Spectrum Cephalosporins (ESCs)
penA.54.001	1	1	G543S	penA.542S	Resistance to Extended-Spectrum Cephalosporins (ESCs)
penA.55.001	1	1	G542S	penA.542S	Resistance to Extended-Spectrum Cephalosporins (ESCs)
penA.56.001	1	1	G543S	penA.542S	Resistance to Extended-Spectrum Cephalosporins (ESCs)
penA.57.001	1	1	G543S	penA.542S	Resistance to Extended-Spectrum Cephalosporins (ESCs)
penA.58.001	1	1	G542S	penA.542S	Resistance to Extended-Spectrum Cephalosporins (ESCs)
penA.59.001	1	1	G542S	penA.542S	Resistance to Extended-Spectrum Cephalosporins (ESCs)
penA.7.001	1	1	G543S	penA.542S	Resistance to Extended-Spectrum Cephalosporins (ESCs)
penA.9.001	1	1	G543S	penA.542S	Resistance to Extended-Spectrum Cephalosporins (ESCs)
penA.0.001	1	1	P551S	penA.551S	Resistance to Extended-Spectrum Cephalosporins (ESCs)
penA.1.001	1	1	P552S	penA.551S	Resistance to Extended-Spectrum Cephalosporins (ESCs)
penA.1.002	1	1	P552S	penA.551S	Resistance to Extended-Spectrum Cephalosporins (ESCs)
penA.1.003	1	1	P552S	penA.551S	Resistance to Extended-Spectrum Cephalosporins (ESCs)
penA.10.001	1	1	P551S	penA.551S	Resistance to Extended-Spectrum Cephalosporins (ESCs)
penA.12.001	1	1	P552S	penA.551S	Resistance to Extended-Spectrum Cephalosporins (ESCs)
penA.12.002	1	1	P552S	penA.551S	Resistance to Extended-Spectrum Cephalosporins (ESCs)
penA.12.003	1	1	P552S	penA.551S	Resistance to Extended-Spectrum Cephalosporins (ESCs)
penA.13.001	1	1	P552S	penA.551S	Resistance to Extended-Spectrum Cephalosporins (ESCs)
penA.14.001	1	1	P552S	penA.551S	Resistance to Extended-Spectrum Cephalosporins (ESCs)
penA.14.002	1	1	P552S	penA.551S	Resistance to Extended-Spectrum Cephalosporins (ESCs)
penA.15.001	1	1	P551S	penA.551S	Resistance to Extended-Spectrum Cephalosporins (ESCs)
penA.15.002	1	1	P551S	penA.551S	Resistance to Extended-Spectrum Cephalosporins (ESCs)
penA.17.001	1	1	P552S	penA.551S	Resistance to Extended-Spectrum Cephalosporins (ESCs)
penA.18.001	1	1	P552S	penA.551S	Resistance to Extended-Spectrum Cephalosporins (ESCs)
penA.19.001	1	1	P552S	penA.551S	Resistance to Extended-Spectrum Cephalosporins (ESCs)
penA.2.001	1	1	P552S	penA.551S	Resistance to Extended-Spectrum Cephalosporins (ESCs)
penA.2.002	1	1	P552S	penA.551S	Resistance to Extended-Spectrum Cephalosporins (ESCs)
penA.2.003	1	1	P552S	penA.551S	Resistance to Extended-Spectrum Cephalosporins (ESCs)
penA.21.001	1	1	P552S	penA.551S	Resistance to Extended-Spectrum Cephalosporins (ESCs)
penA.22.001	1	1	P552S	penA.551S	Resistance to Extended-Spectrum Cephalosporins (ESCs)
penA.22.002	1	1	P552S	penA.551S	Resistance to Extended-Spectrum Cephalosporins (ESCs)
penA.22.003	1	1	P552S	penA.551S	Resistance to Extended-Spectrum Cephalosporins (ESCs)
penA.22.004	1	1	P552S	penA.551S	Resistance to Extended-Spectrum Cephalosporins (ESCs)
penA.22.005	1	1	P552S	penA.551S	Resistance to Extended-Spectrum Cephalosporins (ESCs)
penA.27.001	1	1	P551S	penA.551S	Resistance to Extended-Spectrum Cephalosporins (ESCs)
penA.3.001	1	1	P552S	penA.551S	Resistance to Extended-Spectrum Cephalosporins (ESCs)
penA.34.001	1	1	P551S	penA.551S	Resistance to Extended-Spectrum Cephalosporins (ESCs)
penA.34.002	1	1	P551S	penA.551S	Resistance to Extended-Spectrum Cephalosporins (ESCs)
penA.34.003	1	1	P551S	penA.551S	Resistance to Extended-Spectrum Cephalosporins (ESCs)
penA.34.004	1	1	P551S	penA.551S	Resistance to Extended-Spectrum Cephalosporins (ESCs)
penA.34.005	1	1	P551S	penA.551S	Resistance to Extended-Spectrum Cephalosporins (ESCs)
penA.35.001	1	1	P551S	penA.551S	Resistance to Extended-Spectrum Cephalosporins (ESCs)
penA.35.002	1	1	P551S	penA.551S	Resistance to Extended-Spectrum Cephalosporins (ESCs)
penA.35.003	1	1	P551S	penA.551S	Resistance to Extended-Spectrum Cephalosporins (ESCs)
penA.37.001	1	1	P551S	penA.551S	Resistance to Extended-Spectrum Cephalosporins (ESCs)
penA.38.001	1	1	P551S	penA.551S	Resistance to Extended-Spectrum Cephalosporins (ESCs)
penA.39.001	1	1	P552S	penA.551S	Resistance to Extended-Spectrum Cephalosporins (ESCs)
penA.4.001	1	1	P552S	penA.551S	Resistance to Extended-Spectrum Cephalosporins (ESCs)
penA.40.001	1	1	P552S	penA.551S	Resistance to Extended-Spectrum Cephalosporins (ESCs)
penA.41.001	1	1	P552S	penA.551S	Resistance to Extended-Spectrum Cephalosporins (ESCs)
penA.41.002	1	1	P552S	penA.551S	Resistance to Extended-Spectrum Cephalosporins (ESCs)
penA.42.001	1	1	P551S	penA.551S	Resistance to Extended-Spectrum Cephalosporins (ESCs)
penA.43.001	1	1	P552S	penA.551S	Resistance to Extended-Spectrum Cephalosporins (ESCs)
penA.43.002	1	1	P552S	penA.551S	Resistance to Extended-Spectrum Cephalosporins (ESCs)
penA.44.001	1	1	L552S	penA.551S	Resistance to Extended-Spectrum Cephalosporins (ESCs)
penA.45.001	1	1	P551S	penA.551S	Resistance to Extended-Spectrum Cephalosporins (ESCs)
penA.46.001	1	1	P552S	penA.551S	Resistance to Extended-Spectrum Cephalosporins (ESCs)
penA.47.001	1	1	P551S	penA.551S	Resistance to Extended-Spectrum Cephalosporins (ESCs)
penA.48.001	1	1	P552S	penA.551S	Resistance to Extended-Spectrum Cephalosporins (ESCs)
penA.49.001	1	1	P552S	penA.551S	Resistance to Extended-Spectrum Cephalosporins (ESCs)
penA.5.001	1	1	P552S	penA.551S	Resistance to Extended-Spectrum Cephalosporins (ESCs)
penA.5.002	1	1	P552S	penA.551S	Resistance to Extended-Spectrum Cephalosporins (ESCs)
penA.5.003	1	1	P552S	penA.551S	Resistance to Extended-Spectrum Cephalosporins (ESCs)
penA.5.004	1	1	P552S	penA.551S	Resistance to Extended-Spectrum Cephalosporins (ESCs)
penA.50.001	1	1	A552S	penA.551S	Resistance to Extended-Spectrum Cephalosporins (ESCs)
penA.52.001	1	1	P551S	penA.551S	Resistance to Extended-Spectrum Cephalosporins (ESCs)
penA.53.001	1	1	A551S	penA.551S	Resistance to Extended-Spectrum Cephalosporins (ESCs)
penA.53.002	1	1	A551S	penA.551S	Resistance to Extended-Spectrum Cephalosporins (ESCs)
penA.54.001	1	1	A552S	penA.551S	Resistance to Extended-Spectrum Cephalosporins (ESCs)
penA.55.001	1	1	P551S	penA.551S	Resistance to Extended-Spectrum Cephalosporins (ESCs)
penA.56.001	1	1	G552S	penA.551S	Resistance to Extended-Spectrum Cephalosporins (ESCs)
penA.57.001	1	1	A552S	penA.551S	Resistance to Extended-Spectrum Cephalosporins (ESCs)
penA.58.001	1	1	A551S	penA.551S	Resistance to Extended-Spectrum Cephalosporins (ESCs)
penA.59.001	1	1	P551S	penA.551S	Resistance to Extended-Spectrum Cephalosporins (ESCs)
penA.7.001	1	1	P552S	penA.551S	Resistance to Extended-Spectrum Cephalosporins (ESCs)
penA.9.001	1	1	L552S	penA.551S	Resistance to Extended-Spectrum Cephalosporins (ESCs)
ponA.WHO_F_00106	1	1	L421P	ponA.421P	High-level chromosomally-mediated penicillin resistance
ponA.Neisseria_meningitidis_H44_76_v1_01795	1	1	L421P	ponA.421P	High-level chromosomally-mediated penicillin resistance
ponA.Neisseria_meningitidis_MC58_v2_01817	1	1	L428P	ponA.421P	High-level chromosomally-mediated penicillin resistance
ponA.Neisseria_meningitidis_serogroup_C_FAM18_v1_00419	1	1	L421P	ponA.421P	High-level chromosomally-mediated penicillin resistance
ponA.WHO_G_00106	1	1	L421P	ponA.421P	High-level chromosomally-mediated penicillin resistance
ponA.WHO_W_00105	1	1	L421P	ponA.421P	High-level chromosomally-mediated penicillin resistance
porB1b.WHO_U_02278c	1	1	G120K	porB1b.120K	G101K. Mediates decreased permeability of antimicrobials through the porin PorB1b
porB1b.WHO_K_02195c	1	1	G120K	porB1b.120K	G101K. Mediates decreased permeability of antimicrobials through the porin PorB1b
porB1b.WHO_L_01891c	1	1	G120K	porB1b.120K	G101K. Mediates decreased permeability of antimicrobials through the porin PorB1b
porB1b.WHO_M_02204c	1	1	G120K	porB1b.120K	G101K. Mediates decreased permeability of antimicrobials through the porin PorB1b
porB1b.WHO_O_01976	1	1	G120K	porB1b.120K	G101K. Mediates decreased permeability of antimicrobials through the porin PorB1b
porB1b.WHO_P_02204c	1	1	G120K	porB1b.120K	G101K. Mediates decreased permeability of antimicrobials through the porin PorB1b
porB1b.WHO_V_02265c	1	1	G120K	porB1b.120K	G101K. Mediates decreased permeability of antimicrobials through the porin PorB1b
porB1b.WHO_W_02258c	1	1	G120K	porB1b.120K	G101K. Mediates decreased permeability of antimicrobials through the porin PorB1b
porB1b.WHO_X_02194c	1	1	G120K	porB1b.120K	G101K. Mediates decreased permeability of antimicrobials through the porin PorB1b
porB1b.WHO_Y_02277c	1	1	G120K	porB1b.120K	G101K. Mediates decreased permeability of antimicrobials through the porin PorB1b
porB1b.WHO_Z_02266c	1	1	G120K	porB1b.120K	G101K. Mediates decreased permeability of antimicrobials through the porin PorB1b
porB1b.WHO_U_02278c	1	1	A121D	porB1b.121D	A102D. Mediates decreased permeability of antimicrobials through the porin PorB1b
porB1b.WHO_K_02195c	1	1	A121D	porB1b.121D	A102D. Mediates decreased permeability of antimicrobials through the porin PorB1b
porB1b.WHO_L_01891c	1	1	A121D	porB1b.121D	A102D. Mediates decreased permeability of antimicrobials through the porin PorB1b
porB1b.WHO_M_02204c	1	1	A121D	porB1b.121D	A102D. Mediates decreased permeability of antimicrobials through the porin PorB1b
porB1b.WHO_O_01976	1	1	A121D	porB1b.121D	A102D. Mediates decreased permeability of antimicrobials through the porin PorB1b
porB1b.WHO_P_02204c	1	1	A121D	porB1b.121D	A102D. Mediates decreased permeability of antimicrobials through the porin PorB1b
porB1b.WHO_V_02265c	1	1	A121D	porB1b.121D	A102D. Mediates decreased permeability of antimicrobials through the porin PorB1b
porB1b.WHO_W_02258c	1	1	A121D	porB1b.121D	A102D. Mediates decreased permeability of antimicrobials through the porin PorB1b
porB1b.WHO_X_02194c	1	1	A121D	porB1b.121D	A102D. Mediates decreased permeability of antimicrobials through the porin PorB1b
porB1b.WHO_Y_02277c	1	1	N121D	porB1b.121D	A102D. Mediates decreased permeability of antimicrobials through the porin PorB1b
porB1b.WHO_Z_02266c	1	1	A121D	porB1b.121D	A102D. Mediates decreased permeability of antimicrobials through the porin PorB1b
porB1b.WHO_U_02278c	1	1	A121N	porB1b.121N	A102N. Mediates decreased permeability of antimicrobials through the porin PorB1b
porB1b.WHO_K_02195c	1	1	D121N	porB1b.121N	A102N. Mediates decreased permeability of antimicrobials through the porin PorB1b
porB1b.WHO_L_01891c	1	1	D121N	porB1b.121N	A102N. Mediates decreased permeability of antimicrobials through the porin PorB1b
porB1b.WHO_M_02204c	1	1	D121N	porB1b.121N	A102N. Mediates decreased permeability of antimicrobials through the porin PorB1b
porB1b.WHO_O_01976	1	1	D121N	porB1b.121N	A102N. Mediates decreased permeability of antimicrobials through the porin PorB1b
porB1b.WHO_P_02204c	1	1	D121N	porB1b.121N	A102N. Mediates decreased permeability of antimicrobials through the porin PorB1b
porB1b.WHO_V_02265c	1	1	D121N	porB1b.121N	A102N. Mediates decreased permeability of antimicrobials through the porin PorB1b
porB1b.WHO_W_02258c	1	1	D121N	porB1b.121N	A102N. Mediates decreased permeability of antimicrobials through the porin PorB1b
porB1b.WHO_X_02194c	1	1	D121N	porB1b.121N	A102N. Mediates decreased permeability of antimicrobials through the porin PorB1b
porB1b.WHO_Y_02277c	1	1	A121N	porB1b.121N	A102N. Mediates decreased permeability of antimicrobials through the porin PorB1b
porB1b.WHO_Z_02266c	1	1	D121N	porB1b.121N	A102N. Mediates decreased permeability of antimicrobials through the porin PorB1b
rpoB.WHO_F_02153c	1	1	H553N	rpoB.553N	H552N. High-level resistance to Rifampicin
rpoB.Neisseria_meningitidis_H44_76_v1_00134	1	1	H553N	rpoB.553N	H552N. High-level resistance to Rifampicin
rpoB.Neisseria_meningitidis_M01_240149_v1_02024	1	1	H553N	rpoB.553N	H552N. High-level resistance to Rifampicin
rpoB.Neisseria_meningitidis_serogroup_A_Z2491_v1_00134	1	1	H553N	rpoB.553N	H552N. High-level resistance to Rifampicin
rpoB.Neisseria_meningitidis_serogroup_C_FAM18_v1_00120	1	1	H553N	rpoB.553N	H552N. High-level resistance to Rifampicin
rpoB.WHO_M_02157	1	1	H553N	rpoB.553N	H552N. High-level resistance to Rifampicin
rpsJ.WHO_F_02142c	1	1	V57M	rpsJ.57M	Chromosomally-mediated resistance to tetracyclines
rpsJ.Neisseria_meningitidis_serogroup_C_FAM18_v1_00126	1	1	V57M	rpsJ.57M	Chromosomally-mediated resistance to tetracyclines
rpsJ.WHO_Y_02241	1	1	V57M	rpsJ.57M	Chromosomally-mediated resistance to tetracyclines
porA.WHO_U_01087c	1	0	.	.	.
porA.NCCP11945	1	0	.	.	.
blaTEM.WHO_M_pConjugative_00003	1	0	.	.	Betalactam resistance
tetM.WHO_G_pTetM_00047	1	0	.	.	Tetracycline resistance
mtrR_promoter.WHO_F	0	0	.	.	.
porB1a.WHO_F_02106	1	0	.	.	.
porB1a.WHO_G_02195c	1	0	.	.	.
porB1a.WHO_N_02200c	1	0	.	.	.
porB2.Neisseria_meningitidis_serogroup_C_FAM18_v1_01992	1	0	.	.	.
porB3.Neisseria_meningitidis_serogroup_A_Z2491_v1_00376	1	0	.	.	.
porB3.Neisseria_meningitidis_M01_240149_v1_00150	1	0	.	.	.
porB3.Neisseria_meningitidis_H44_76_v1_02028	1	0	.	.	.
porB3.Neisseria_meningitidis_MC58_v2_02051	1	0	.	.	.
